prior_id,return_id,gap_days
TK-244806,TK-245078,9.317361111111111
TK-244806,TK-245676,27.56597222222222
TK-245078,TK-245676,18.23263888888889
TK-245078,TK-245949,25.816666666666666
TK-245676,TK-245949,7.573611111111111
TK-248658,TK-248985,9.988194444444444
TK-248658,TK-249035,11.234722222222222
TK-250236,TK-251058,24.113194444444446
TK-244150,TK-244284,3.234722222222222
TK-244241,TK-245080,25.179166666666667
TK-244241,TK-245209,29.803472222222222
TK-243098,TK-243660,26.603472222222223
TK-253730,TK-254727,28.909027777777776
TK-240663,TK-240702,2.9819444444444443
TK-240663,TK-240812,10.426388888888889
TK-240702,TK-240812,5.423611111111111
TK-244786,TK-245050,8.475
TK-247733,TK-248298,11.690972222222221
TK-247733,TK-248481,16.954166666666666
TK-248298,TK-248481,5.242361111111111
TK-244110,TK-244360,6.978472222222222
TK-244447,TK-245355,27.658333333333335
TK-244515,TK-245355,25.205555555555556
TK-243279,TK-243425,5.940277777777778
TK-245527,TK-246501,24.915972222222223
TK-245527,TK-246687,29.163888888888888
TK-242220,TK-242272,2.8465277777777778
TK-248646,TK-248789,4.146527777777778
TK-248646,TK-249390,21.419444444444444
TK-248789,TK-249390,17.255555555555556
TK-243092,TK-243102,0.6576388888888889
TK-240936,TK-240955,1.3493055555555555
TK-244127,TK-244409,9.11875
TK-244127,TK-244729,19.211805555555557
TK-244409,TK-244729,10.075
TK-245320,TK-245407,2.8152777777777778
TK-245320,TK-245443,3.792361111111111
TK-245407,TK-245443,0.9430555555555555
TK-247018,TK-247587,11.484722222222222
TK-246341,TK-247122,19.184722222222224
TK-252632,TK-252740,2.209722222222222
TK-252673,TK-252987,10.577083333333333
TK-248273,TK-248637,10.58611111111111
TK-247798,TK-247996,5.645138888888889
TK-247185,TK-247266,2.033333333333333
TK-246232,TK-246747,12.213194444444444
TK-245014,TK-245552,17.009722222222223
TK-245552,TK-246108,6.511111111111111
TK-248196,TK-248230,0.7076388888888889
TK-241574,TK-242015,23.50625
TK-241574,TK-242091,28.950694444444444
TK-242015,TK-242091,5.272916666666666
TK-251168,TK-252056,25.82638888888889
TK-252153,TK-252238,2.392361111111111
TK-252153,TK-252619,13.07013888888889
TK-252238,TK-252619,10.460416666666667
TK-252619,TK-253549,27.61111111111111
TK-243539,TK-244084,19.410416666666666
TK-243539,TK-244265,26.00486111111111
TK-244084,TK-244265,3.5833333333333335
TK-249836,TK-250036,6.246527777777778
TK-249836,TK-250468,19.56111111111111
TK-250036,TK-250468,13.185416666666667
TK-249836,TK-250748,27.165972222222223
TK-250036,TK-250748,20.790277777777778
TK-250468,TK-250748,7.538194444444445
TK-240610,TK-241070,29.81597222222222
TK-242001,TK-242146,9.434722222222222
TK-241033,TK-241109,4.177777777777778
TK-241109,TK-241583,28.502777777777776
TK-246778,TK-247219,11.261805555555556
TK-244144,TK-244439,9.234027777777778
TK-242162,TK-242358,9.927083333333334
TK-242162,TK-242518,19.178472222222222
TK-242358,TK-242518,8.188194444444445
TK-246876,TK-247838,23.115277777777777
TK-249139,TK-249416,7.948611111111111
TK-253598,TK-253888,8.359722222222222
TK-247040,TK-247065,0.6708333333333333
TK-245871,TK-247043,29.489583333333332
TK-247043,TK-247851,19.36111111111111
TK-248776,TK-248863,2.370138888888889
TK-249968,TK-250576,17.575
TK-240698,TK-241058,19.600694444444443
TK-251697,TK-252197,14.064583333333333
TK-246997,TK-248135,23.2125
TK-243432,TK-244146,26.979861111111113
TK-244146,TK-244336,5.9625
TK-247422,TK-248004,9.090972222222222
TK-249781,TK-249785,0.04861111111111111
TK-253892,TK-254100,3.8493055555555555
TK-253892,TK-254223,7.488888888888889
TK-254100,TK-254223,3.6166666666666667
TK-244456,TK-244899,9.475694444444445
TK-246279,TK-246339,1.7902777777777779
TK-245430,TK-246668,28.129166666666666
TK-246668,TK-247139,11.906944444444445
TK-246668,TK-247713,25.428472222222222
TK-247139,TK-247713,13.370138888888889
TK-240195,TK-240586,29.40277777777778
TK-251582,TK-252215,14.921527777777778
TK-251582,TK-252636,26.227777777777778
TK-252215,TK-252636,11.233333333333333
TK-242158,TK-242247,4.4222222222222225
TK-251322,TK-251663,6.711805555555555
TK-252587,TK-252712,1.8729166666666666
TK-245183,TK-246161,27.03611111111111
TK-242971,TK-243322,18.283333333333335
TK-241022,TK-241091,3.504166666666667
TK-252261,TK-252696,12.311805555555555
TK-252816,TK-253422,17.54375
TK-253422,TK-254258,24.552777777777777
TK-241981,TK-242037,3.7944444444444443
TK-241981,TK-242045,4.593055555555556
TK-242037,TK-242045,0.7805555555555556
TK-242037,TK-242524,27.09861111111111
TK-242045,TK-242524,26.299305555555556
TK-249916,TK-250454,16.175694444444446
TK-250454,TK-251283,23.14027777777778
TK-250454,TK-251453,28.23611111111111
TK-251283,TK-251453,5.070138888888889
TK-249935,TK-250200,6.516666666666667
TK-249935,TK-250411,13.399305555555555
TK-250200,TK-250411,6.857638888888889
TK-250200,TK-251137,27.574305555555554
TK-250411,TK-251137,17.549305555555556
TK-246157,TK-246404,5.88125
TK-246157,TK-246503,8.525
TK-246157,TK-247174,25.05625
TK-246404,TK-247174,16.139583333333334
TK-246503,TK-247174,15.521527777777777
TK-244710,TK-245023,10.38125
TK-245023,TK-245730,21.565277777777776
TK-244230,TK-244610,11.397916666666667
TK-242904,TK-243114,7.821527777777778
TK-252663,TK-253538,26.023611111111112
TK-245351,TK-245645,8.604166666666666
TK-245351,TK-245796,12.474305555555556
TK-253092,TK-253311,5.24375
TK-253785,TK-254332,16.568055555555556
TK-249585,TK-249922,10.765972222222222
TK-249585,TK-250274,21.614583333333332
TK-249922,TK-250274,10.838194444444444
TK-242800,TK-242920,7.05625
TK-251267,TK-251717,10.471527777777778
TK-247476,TK-247988,10.29861111111111
TK-252728,TK-253414,20.650694444444444
TK-253414,TK-253861,12.421527777777778
TK-246163,TK-247114,23.075694444444444
TK-243478,TK-243517,1.9340277777777777
TK-243517,TK-244354,27.384722222222223
TK-250370,TK-250538,4.4215277777777775
TK-250082,TK-250955,26.030555555555555
TK-254193,TK-254490,9.348611111111111
TK-252888,TK-253539,18.454166666666666
TK-253973,TK-254422,10.602083333333333
TK-241063,TK-241115,2.620833333333333
TK-253340,TK-253862,14.3
TK-246527,TK-246964,11.314583333333333
TK-240275,TK-240286,0.04097222222222222
TK-246533,TK-247617,26.983333333333334
TK-254359,TK-254395,1.1395833333333334
TK-254359,TK-254730,11.860416666666667
TK-254395,TK-254730,10.7
TK-243947,TK-244267,10.988194444444444
TK-243947,TK-244590,20.852777777777778
TK-244267,TK-244590,9.843055555555555
TK-243947,TK-244697,24.382638888888888
TK-244267,TK-244697,13.372916666666667
TK-244590,TK-244697,3.457638888888889
TK-242493,TK-243016,27.24375
TK-247535,TK-247852,7.358333333333333
TK-251110,TK-251595,12.216666666666667
TK-243410,TK-243661,11.203472222222222
TK-245513,TK-246313,18.031944444444445
TK-244425,TK-244917,14.16388888888889
TK-252324,TK-252722,9.259027777777778
TK-252324,TK-252750,9.974305555555556
TK-252722,TK-252750,0.6541666666666667
TK-252324,TK-253069,21.221527777777776
TK-252722,TK-253069,11.901388888888889
TK-252750,TK-253069,6.220138888888889
TK-250118,TK-250195,1.9951388888888888
TK-250226,TK-250674,12.981944444444444
TK-250226,TK-251131,26.380555555555556
TK-250674,TK-251131,13.350694444444445
TK-251236,TK-251303,1.7395833333333333
TK-248102,TK-248987,25.443055555555556
TK-246961,TK-247723,18.343055555555555
TK-254120,TK-254280,4.291666666666667
TK-245667,TK-245821,4.151388888888889
TK-245667,TK-245930,7.184722222222222
TK-245821,TK-245930,3.0076388888888888
TK-252034,TK-252608,16.005555555555556
TK-241265,TK-241801,26.70138888888889
TK-242104,TK-242572,25.300694444444446
TK-242572,TK-242743,9.058333333333334
TK-242572,TK-242978,22.910416666666666
TK-242743,TK-242978,13.828472222222222
TK-242743,TK-243148,23.528472222222224
TK-242978,TK-243148,9.657638888888888
TK-248026,TK-248835,19.758333333333333
TK-250692,TK-250807,3.5770833333333334
TK-250692,TK-251044,10.860416666666667
TK-250807,TK-251044,6.26875
TK-251735,TK-252092,10.006944444444445
TK-241816,TK-241835,0.9090277777777778
TK-251029,TK-251349,8.441666666666666
TK-253260,TK-254048,21.820833333333333
TK-249325,TK-249608,7.705555555555556
TK-249325,TK-250007,20.094444444444445
TK-249608,TK-250007,9.301388888888889
TK-244133,TK-244449,5.695833333333334
TK-244133,TK-245170,29.374305555555555
TK-244449,TK-245170,18.625694444444445
TK-246910,TK-247871,23.11875
TK-254208,TK-254599,6.496527777777778
TK-253550,TK-253727,3.129861111111111
TK-253595,TK-253727,1.2034722222222223
TK-241907,TK-242043,6.592361111111111
TK-241907,TK-242391,25.595833333333335
TK-242043,TK-242391,18.993055555555557
TK-245752,TK-246035,6.290277777777778
TK-241556,TK-241791,11.875694444444445
TK-241556,TK-241976,21.865277777777777
TK-241791,TK-241976,8.974305555555556
TK-240501,TK-240690,10.84375
TK-240501,TK-240979,29.179861111111112
TK-240690,TK-240979,15.323611111111111
TK-240979,TK-241394,24.34236111111111
TK-244869,TK-245375,16.934722222222224
TK-253007,TK-253668,10.442361111111111
TK-249534,TK-250296,23.946527777777778
TK-245056,TK-245687,14.32986111111111
TK-246235,TK-246593,8.133333333333333
TK-249919,TK-250092,5.000694444444444
TK-242189,TK-242385,10.565972222222221
TK-242385,TK-242772,21.236805555555556
TK-242968,TK-243238,15.01875
TK-244816,TK-245476,21.92152777777778
TK-245476,TK-246415,24.15138888888889
TK-246415,TK-247224,20.42222222222222
TK-247224,TK-248250,25.542361111111113
TK-246226,TK-246539,7.303472222222222
TK-246226,TK-246744,12.766666666666667
TK-246539,TK-246744,5.441666666666666
TK-246226,TK-247259,25.397222222222222
TK-246539,TK-247259,18.072222222222223
TK-246744,TK-247259,12.618055555555555
TK-246643,TK-246909,1.9131944444444444
TK-246643,TK-247865,25.06111111111111
TK-246909,TK-247865,21.12986111111111
TK-251946,TK-252315,10.077777777777778
TK-249196,TK-249413,6.063194444444444
TK-249196,TK-249945,22.35763888888889
TK-249413,TK-249945,16.2625
TK-251390,TK-251943,14.302083333333334
TK-244722,TK-244941,7.583333333333333
TK-244722,TK-245329,20.59513888888889
TK-244941,TK-245329,12.88263888888889
TK-244941,TK-245673,22.418055555555554
TK-245329,TK-245673,9.50625
TK-253942,TK-254241,9.131944444444445
TK-254540,TK-254604,2.2423611111111112
TK-241285,TK-241293,0.03125
TK-241285,TK-241329,1.9791666666666667
TK-241293,TK-241329,1.8298611111111112
TK-241285,TK-241571,17.604861111111113
TK-241293,TK-241571,17.455555555555556
TK-241329,TK-241571,15.284027777777778
TK-242476,TK-242913,24.111805555555556
TK-245890,TK-246078,5.017361111111111
TK-245890,TK-246212,8.1625
TK-246078,TK-246212,3.1041666666666665
TK-245890,TK-246779,22.264583333333334
TK-246078,TK-246779,17.20625
TK-246212,TK-246779,13.084027777777777
TK-240805,TK-240953,8.05
TK-248654,TK-248806,4.479166666666667
TK-248654,TK-249543,25.81736111111111
TK-248806,TK-249543,20.318055555555556
TK-249543,TK-250266,21.310416666666665
TK-250331,TK-250428,2.1368055555555556
TK-244712,TK-244991,9.084027777777777
TK-252402,TK-253339,28.050694444444446
TK-252402,TK-253368,28.86111111111111
TK-253339,TK-253368,0.6805555555555556
TK-240537,TK-240828,16.06597222222222
TK-241739,TK-241896,7.348611111111111
TK-241896,TK-242473,26.785416666666666
TK-240761,TK-241241,27.897916666666667
TK-240761,TK-241263,28.897222222222222
TK-241241,TK-241263,0.9854166666666667
TK-241263,TK-241757,29.006944444444443
TK-241757,TK-241819,3.65625
TK-240423,TK-240861,28.439583333333335
TK-250128,TK-250169,1.03125
TK-246426,TK-246917,12.400694444444444
TK-246426,TK-247630,29.988888888888887
TK-246917,TK-247630,17.45138888888889
TK-243514,TK-244302,25.290972222222223
TK-248076,TK-248567,10.4625
TK-248076,TK-248697,14.19513888888889
TK-248567,TK-248697,3.4256944444444444
TK-251000,TK-251230,4.1375
TK-251000,TK-251471,11.3375
TK-251230,TK-251471,7.180555555555555
TK-249327,TK-249732,10.377083333333333
TK-249327,TK-249975,18.77638888888889
TK-249732,TK-249975,8.383333333333333
TK-241249,TK-241466,13.740972222222222
TK-241249,TK-241596,21.10972222222222
TK-241466,TK-241596,4.341666666666667
TK-246702,TK-247960,25.466666666666665
TK-253573,TK-254176,17.98125
TK-247923,TK-248209,4.334722222222222
TK-247923,TK-248373,9.134722222222223
TK-248209,TK-248373,4.752777777777778
TK-247923,TK-248795,21.2625
TK-248209,TK-248795,16.880555555555556
TK-248373,TK-248795,10.015277777777778
TK-249655,TK-250542,26.449305555555554
TK-249171,TK-249636,13.73125
TK-253172,TK-253556,10.058333333333334
TK-253172,TK-253628,12.052777777777777
TK-253556,TK-253628,1.9666666666666666
TK-246376,TK-246678,7.004861111111111
TK-250278,TK-251309,29.256944444444443
TK-250638,TK-250898,7.438194444444444
TK-247782,TK-248049,6.982638888888889
TK-246399,TK-247462,25.743055555555557
TK-246650,TK-247679,25.427083333333332
TK-247679,TK-248261,15.11736111111111
TK-248261,TK-249146,25.352083333333333
TK-246606,TK-247716,26.509027777777778
TK-249969,TK-250473,12.069444444444445
TK-249969,TK-251073,29.159027777777776
TK-250473,TK-251073,17.013194444444444
TK-243793,TK-243980,6.243055555555555
TK-249395,TK-250234,22.463194444444444
TK-247229,TK-248388,29.494444444444444
TK-248388,TK-248521,4.165277777777778
TK-250115,TK-250793,19.458333333333332
TK-248430,TK-248945,15.026388888888889
TK-251033,TK-251921,24.20277777777778
TK-244962,TK-245190,7.220833333333333
TK-252275,TK-252647,10.26736111111111
TK-250668,TK-251003,10.233333333333333
TK-243899,TK-243900,0.02013888888888889
TK-241874,TK-242333,25.12152777777778
TK-242333,TK-242589,15.520833333333334
TK-240655,TK-240898,15.741666666666667
TK-249378,TK-250343,27.764583333333334
TK-251880,TK-252196,8.73125
TK-251880,TK-252351,12.78888888888889
TK-252196,TK-252351,4.033333333333333
TK-253557,TK-254018,14.174305555555556
TK-251973,TK-252736,21.259722222222223
TK-254229,TK-254349,2.813888888888889
TK-244342,TK-244930,19.314583333333335
TK-243964,TK-244013,1.4145833333333333
TK-251308,TK-252076,22.547916666666666
TK-252076,TK-252961,26.399305555555557
TK-252508,TK-252543,1.0965277777777778
TK-252508,TK-253021,16.815277777777776
TK-252543,TK-253021,15.70486111111111
TK-248501,TK-249008,14.815972222222221
TK-246067,TK-246762,15.1375
TK-247559,TK-247846,4.623611111111111
TK-248162,TK-248313,3.941666666666667
TK-248313,TK-249324,29.41111111111111
TK-244798,TK-245134,8.291666666666666
TK-252167,TK-252649,13.480555555555556
TK-252649,TK-253611,28.479166666666668
TK-246444,TK-246927,12.361805555555556
TK-244274,TK-245168,29.2125
TK-245127,TK-245700,17.03611111111111
TK-249678,TK-250433,22.99513888888889
TK-250433,TK-251049,18.04513888888889
TK-242659,TK-242938,15.48125
TK-253959,TK-254601,8.196527777777778
TK-242712,TK-242779,3.0965277777777778
TK-248533,TK-248660,2.134027777777778
TK-248533,TK-248875,8.716666666666667
TK-243570,TK-243808,3.922222222222222
TK-243808,TK-244600,25.06597222222222
TK-246530,TK-247406,18.174305555555556
TK-247406,TK-248213,18.943055555555556
TK-251941,TK-252036,2.5743055555555556
TK-251223,TK-251918,20.290972222222223
TK-245464,TK-246550,26.377083333333335
TK-246550,TK-247513,23.51875
TK-251275,TK-251604,10.066666666666666
TK-251379,TK-252244,25.28125
TK-240098,TK-240240,12.271527777777777
TK-241071,TK-241312,13.375694444444445
TK-248202,TK-248204,0.009722222222222222
TK-248202,TK-248384,5.044444444444444
TK-248204,TK-248384,5.022916666666666
TK-248202,TK-248768,16.179166666666667
TK-248204,TK-248768,16.15763888888889
TK-248384,TK-248768,11.109027777777778
TK-247038,TK-247301,6.2555555555555555
TK-243819,TK-244317,17.284027777777776
TK-245891,TK-246321,11.613194444444444
TK-242320,TK-242782,25.527083333333334
TK-245358,TK-246255,24.07986111111111
TK-250663,TK-250794,1.0604166666666666
TK-245642,TK-245805,0.9652777777777778
TK-245642,TK-245912,3.923611111111111
TK-245805,TK-245912,2.9375
TK-245642,TK-246710,23.266666666666666
TK-245805,TK-246710,22.280555555555555
TK-245912,TK-246710,16.31875
TK-254080,TK-254418,6.602083333333334
TK-245176,TK-245579,12.188194444444445
TK-249277,TK-249857,12.364583333333334
TK-248982,TK-249964,29.07638888888889
TK-249964,TK-250763,23.208333333333332
TK-243755,TK-244640,23.51875
TK-247130,TK-247978,20.372222222222224
TK-252008,TK-252915,26.29375
TK-252915,TK-253590,19.147222222222222
TK-248146,TK-248774,17.726388888888888
TK-248146,TK-248914,22.11111111111111
TK-248774,TK-248914,4.35625
TK-248774,TK-249663,25.73611111111111
TK-248914,TK-249663,21.354861111111113
TK-240258,TK-240564,23.62361111111111
TK-242796,TK-243034,12.203472222222222
TK-248031,TK-248468,10.128472222222221
TK-253877,TK-254597,20.10902777777778
TK-240310,TK-240370,2.548611111111111
TK-240310,TK-240633,21.808333333333334
TK-240370,TK-240633,19.240972222222222
TK-240370,TK-240777,28.783333333333335
TK-240633,TK-240777,8.444444444444445
TK-240633,TK-240978,21.583333333333332
TK-240777,TK-240978,8.106944444444444
TK-252537,TK-252764,6.722916666666666
TK-251772,TK-252745,27.39375
TK-250204,TK-250757,16.100694444444443
TK-250757,TK-251424,19.227083333333333
TK-251424,TK-252385,27.280555555555555
TK-248040,TK-248562,14.279861111111112
TK-241552,TK-241971,18.872222222222224
TK-243662,TK-244064,12.80486111111111
TK-243662,TK-244417,24.379166666666666
TK-244064,TK-244417,8.5125
TK-244417,TK-245211,26.597916666666666
TK-250718,TK-251285,16.044444444444444
TK-249645,TK-249848,6.029166666666667
TK-246202,TK-246486,2.0652777777777778
TK-248421,TK-249515,28.452083333333334
TK-241413,TK-241608,11.10763888888889
TK-241413,TK-241692,15.236805555555556
TK-241608,TK-241692,4.11875
TK-241692,TK-242140,26.218055555555555
TK-244902,TK-245000,3.2881944444444446
TK-244902,TK-245159,8.463888888888889
TK-245000,TK-245159,5.156944444444444
TK-251008,TK-251515,14.839583333333334
TK-251515,TK-252135,16.3125
TK-252135,TK-253118,18.021527777777777
TK-253303,TK-253376,1.85625
TK-253303,TK-254044,21.769444444444446
TK-253376,TK-254044,19.891666666666666
TK-243952,TK-244457,14.922222222222222
TK-243952,TK-244774,24.98402777777778
TK-244457,TK-244774,6.8902777777777775
TK-243952,TK-244828,26.446527777777778
TK-244457,TK-244828,8.352777777777778
TK-244774,TK-244828,1.4284722222222221
TK-244457,TK-244979,13.963194444444444
TK-244774,TK-244979,7.038888888888889
TK-244828,TK-244979,5.489583333333333
TK-246100,TK-246623,12.091666666666667
TK-246100,TK-246853,18.28472222222222
TK-246623,TK-246853,6.127083333333333
TK-246623,TK-247520,22.78472222222222
TK-246853,TK-247520,16.582638888888887
TK-250453,TK-250690,4.154861111111111
TK-250453,TK-251352,23.50347222222222
TK-250690,TK-251352,19.331944444444446
TK-253076,TK-253279,4.127083333333333
TK-243347,TK-243596,9.283333333333333
TK-244198,TK-244959,23.550694444444446
TK-242032,TK-242090,4.1875
TK-244703,TK-244942,4.944444444444445
TK-244703,TK-245289,16.240972222222222
TK-244942,TK-245289,11.279166666666667
TK-244942,TK-245882,28.10902777777778
TK-245289,TK-245882,15.70625
TK-242366,TK-242706,17.301388888888887
TK-241221,TK-241777,24.446527777777778
TK-250061,TK-250995,27.54861111111111
TK-252548,TK-253226,21.208333333333332
TK-244028,TK-244209,5.020138888888889
TK-244028,TK-244759,22.18263888888889
TK-244028,TK-244826,24.38125
TK-242420,TK-242575,8.66875
TK-246585,TK-247233,15.693055555555556
TK-250415,TK-250729,6.415277777777778
TK-244208,TK-244410,6.16875
TK-248549,TK-248799,7.254166666666666
TK-252735,TK-253480,22.47222222222222
TK-241962,TK-242150,12.1625
TK-249849,TK-250695,25.260416666666668
TK-245835,TK-246738,22.366666666666667
TK-244319,TK-244440,3.5840277777777776
TK-243866,TK-243870,0.09375
TK-243865,TK-244063,6.61875
TK-253358,TK-254424,28.919444444444444
TK-254424,TK-254761,9.901388888888889
TK-243229,TK-243325,4.511111111111111
TK-241814,TK-241986,8.822916666666666
TK-244344,TK-244723,6.774305555555555
TK-248493,TK-248871,11.294444444444444
TK-244556,TK-245028,15.983333333333333
TK-244556,TK-245218,22.284027777777776
TK-243665,TK-243770,3.4069444444444446
TK-244825,TK-245232,14.193055555555556
TK-251203,TK-251526,9.950694444444444
TK-249234,TK-250012,22.739583333333332
TK-247288,TK-248045,15.602777777777778
TK-253728,TK-253894,4.074305555555555
TK-251395,TK-251500,3.2375
TK-251395,TK-251596,6.1618055555555555
TK-251500,TK-251596,2.9090277777777778
TK-248335,TK-248479,4.243055555555555
TK-248335,TK-248747,12.004861111111111
TK-248479,TK-248747,7.663888888888889
TK-248335,TK-248777,12.902777777777779
TK-248479,TK-248777,8.561805555555555
TK-248747,TK-248777,0.8736111111111111
TK-248335,TK-249376,29.980555555555554
TK-248479,TK-249376,25.639583333333334
TK-248747,TK-249376,17.95138888888889
TK-248777,TK-249376,17.04861111111111
TK-248479,TK-249513,29.88888888888889
TK-248747,TK-249513,22.200694444444444
TK-248777,TK-249513,21.297916666666666
TK-252303,TK-253187,27.294444444444444
TK-250549,TK-251126,11.399305555555555
TK-242822,TK-243357,29.630555555555556
TK-247854,TK-248066,5.876388888888889
TK-249992,TK-250218,4.3277777777777775
TK-247322,TK-248205,22.279166666666665
TK-247322,TK-248251,23.622222222222224
TK-248205,TK-248251,1.3243055555555556
TK-252699,TK-253235,16.80763888888889
TK-252699,TK-253581,25.85
TK-244149,TK-244329,4.361805555555556
TK-251301,TK-251909,18.190277777777776
TK-241074,TK-241520,27.58125
TK-245892,TK-246371,12.498611111111112
TK-245224,TK-245807,13.797222222222222
TK-245297,TK-245807,11.615277777777777
TK-250399,TK-251216,23.04861111111111
TK-243399,TK-243541,3.1020833333333333
TK-253049,TK-253986,24.209027777777777
TK-253049,TK-253992,24.429861111111112
TK-246776,TK-247509,18.419444444444444
TK-246557,TK-247469,23.15138888888889
TK-243790,TK-244138,11.553472222222222
TK-243790,TK-244364,19.005555555555556
TK-244138,TK-244364,4.433333333333334
TK-247751,TK-248013,6.802083333333333
TK-247940,TK-248249,8.197916666666666
TK-248249,TK-249002,22.009027777777778
TK-240106,TK-240199,8.475
TK-240199,TK-240566,27.165277777777778
TK-251564,TK-252422,22.25486111111111
TK-250548,TK-251305,21.510416666666668
TK-251305,TK-252073,15.311111111111112
TK-250042,TK-250784,21.5
TK-253128,TK-253665,9.134027777777778
TK-245153,TK-245677,15.623611111111112
TK-248882,TK-249065,3.2576388888888888
TK-248882,TK-249544,16.961111111111112
TK-249065,TK-249544,10.53125
TK-246203,TK-246405,5.027777777777778
TK-242315,TK-242601,16.272916666666667
TK-242601,TK-243018,24.29722222222222
TK-243835,TK-244235,13.845138888888888
TK-246674,TK-247521,21.10902777777778
TK-246954,TK-247955,24.022222222222222
TK-247963,TK-248111,4.063194444444444
TK-240632,TK-240718,4.592361111111111
TK-251469,TK-252241,21.448611111111113
TK-243285,TK-244159,26.345833333333335
TK-240644,TK-240758,7.572222222222222
TK-240758,TK-241201,27.414583333333333
TK-241486,TK-241930,24.50347222222222
TK-249726,TK-249729,0.07569444444444444
TK-249726,TK-249921,6.777083333333334
TK-249729,TK-249921,6.684722222222222
TK-249870,TK-250439,16.148611111111112
TK-253179,TK-253670,13.02361111111111
TK-253179,TK-253751,15.330555555555556
TK-246254,TK-246362,2.4611111111111112
TK-252742,TK-253725,28.277083333333334
TK-244080,TK-244135,2.0104166666666665
TK-244080,TK-244830,24.45138888888889
TK-244135,TK-244830,20.372916666666665
TK-245806,TK-245969,4.6375
TK-245806,TK-246177,9.386111111111111
TK-245969,TK-246177,4.4847222222222225
TK-252201,TK-252383,2.922222222222222
TK-252201,TK-252946,20.089583333333334
TK-252383,TK-252946,17.155555555555555
TK-248603,TK-249583,28.525
TK-240839,TK-241086,14.233333333333333
TK-249017,TK-250031,24.85763888888889
TK-253381,TK-253544,1.2340277777777777
TK-252340,TK-252941,18.06875
TK-252340,TK-253106,24.105555555555554
TK-252941,TK-253106,5.590972222222222
TK-250787,TK-251138,10.521527777777777
TK-243375,TK-243655,12.243055555555555
TK-243375,TK-244169,29.99375
TK-243655,TK-244169,17.363194444444446
TK-247877,TK-248775,25.300694444444446
TK-240600,TK-241032,28.113888888888887
TK-248618,TK-248858,7.020138888888889
TK-242965,TK-243224,14.911111111111111
TK-240136,TK-240345,16.060416666666665
TK-253176,TK-253317,3.1659722222222224
TK-244452,TK-245165,23.383333333333333
TK-244530,TK-244778,8.153472222222222
TK-244778,TK-245515,18.03611111111111
TK-254584,TK-254878,8.058333333333334
TK-242083,TK-242357,11.6
TK-242083,TK-242646,28.502777777777776
TK-242357,TK-242646,16.8875
TK-242083,TK-242673,29.756944444444443
TK-242357,TK-242673,18.141666666666666
TK-242646,TK-242673,1.2333333333333334
TK-242357,TK-242740,21.35625
TK-242646,TK-242740,4.447916666666667
TK-242673,TK-242740,3.1881944444444446
TK-253718,TK-254069,8.435416666666667
TK-253718,TK-254179,11.459027777777777
TK-254069,TK-254179,3.0131944444444443
TK-251722,TK-252322,16.958333333333332
TK-252322,TK-253341,27.344444444444445
TK-246210,TK-246304,2.61875
TK-245456,TK-246038,15.60763888888889
TK-241057,TK-241228,9.776388888888889
TK-243308,TK-243503,7.7972222222222225
TK-254460,TK-254585,4.2
TK-249819,TK-250625,19.286805555555556
TK-250625,TK-250996,10.503472222222221
TK-253012,TK-253104,3.296527777777778
TK-253012,TK-253831,22.400694444444444
TK-253104,TK-253831,17.09236111111111
TK-253831,TK-254506,20.052083333333332
TK-242543,TK-242631,4.9527777777777775
TK-252099,TK-252556,12.997916666666667
TK-251762,TK-252680,25.840972222222224
TK-251348,TK-251872,15.776388888888889
TK-251348,TK-252368,29.508333333333333
TK-251872,TK-252368,13.709027777777777
TK-251872,TK-252823,27.39027777777778
TK-252368,TK-252823,13.624305555555555
TK-246903,TK-247276,9.147916666666667
TK-246903,TK-247419,12.875694444444445
TK-252083,TK-252621,15.086805555555555
TK-241975,TK-242051,5.351388888888889
TK-242051,TK-242561,28.345833333333335
TK-254438,TK-254603,0.6340277777777777
TK-253465,TK-254492,25.975694444444443
TK-247524,TK-247633,2.548611111111111
TK-240011,TK-240281,22.35902777777778
TK-244255,TK-244819,17.799305555555556
TK-242222,TK-242517,16.072222222222223
TK-242222,TK-242758,29.37152777777778
TK-242517,TK-242758,12.218055555555555
TK-242758,TK-243222,21.836805555555557
TK-247824,TK-247831,0.1076388888888889
TK-240601,TK-241041,28.64375
TK-246467,TK-246703,5.338888888888889
TK-244043,TK-244511,12.069444444444445
TK-243974,TK-244193,7.2444444444444445
TK-246367,TK-247631,28.213194444444444
TK-249724,TK-250217,15.095138888888888
TK-250119,TK-250357,7.29375
TK-246283,TK-246739,10.151388888888889
TK-246739,TK-247796,25.165277777777778
TK-252138,TK-252205,2.026388888888889
TK-252138,TK-252251,3.5236111111111112
TK-246059,TK-247117,26.343055555555555
TK-244927,TK-245357,14.190972222222221
TK-244927,TK-245505,18.649305555555557
TK-245357,TK-245505,4.216666666666667
TK-242135,TK-242286,7.275
TK-243999,TK-244140,4.848611111111111
TK-251291,TK-251703,12.688194444444445
TK-246977,TK-247321,5.933333333333334
TK-242028,TK-242226,10.164583333333333
TK-242028,TK-242266,12.358333333333333
TK-252064,TK-252297,5.522222222222222
TK-252064,TK-252510,11.139583333333333
TK-252297,TK-252510,3.595138888888889
TK-252510,TK-253442,22.386805555555554
TK-253442,TK-253781,9.567361111111111
TK-251937,TK-252496,15.027083333333334
TK-242277,TK-242412,7.470138888888889
TK-249886,TK-249931,1.7194444444444446
TK-249886,TK-250110,6.919444444444444
TK-249931,TK-250110,5.190972222222222
TK-249886,TK-250228,10.59375
TK-249931,TK-250228,8.865277777777777
TK-250110,TK-250228,3.64375
TK-249886,TK-250651,22.783333333333335
TK-249931,TK-250651,21.054861111111112
TK-250110,TK-250651,15.833333333333334
TK-250228,TK-250651,12.168055555555556
TK-253225,TK-253602,9.865277777777777
TK-251713,TK-251862,4.627083333333333
TK-251713,TK-252146,12.275694444444444
TK-251862,TK-252146,6.636805555555555
TK-253821,TK-254480,18.551388888888887
TK-253821,TK-254809,27.81736111111111
TK-254480,TK-254809,7.199305555555555
TK-249267,TK-250179,27.38888888888889
TK-247136,TK-247885,17.827083333333334
TK-247885,TK-248648,20.229166666666668
TK-249495,TK-249638,1.6423611111111112
TK-249495,TK-249976,12.5
TK-249638,TK-249976,10.829166666666667
TK-249495,TK-250509,28.553472222222222
TK-249638,TK-250509,26.882638888888888
TK-249976,TK-250509,11.019444444444444
TK-252650,TK-252867,7.209722222222222
TK-253660,TK-253852,4.95625
TK-243037,TK-243346,14.993055555555555
TK-240724,TK-240800,5.865972222222222
TK-245791,TK-246162,8.25763888888889
TK-247283,TK-248096,18.195138888888888
TK-245731,TK-246026,7.870138888888889
TK-250994,TK-251871,25.593055555555555
TK-251871,TK-252128,7.054861111111111
TK-251871,TK-252795,26.518055555555556
TK-252128,TK-252795,19.41875
TK-252128,TK-252935,23.792361111111113
TK-252795,TK-252935,4.350694444444445
TK-251849,TK-252661,22.28125
TK-252661,TK-253108,15.140972222222222
TK-242669,TK-242724,2.9027777777777777
TK-242669,TK-242834,9.247916666666667
TK-242724,TK-242834,6.184722222222222
TK-248050,TK-249003,25.542361111111113
TK-249003,TK-249319,5.572222222222222
TK-253228,TK-254097,24.988888888888887
TK-253228,TK-254159,26.794444444444444
TK-254097,TK-254159,1.7638888888888888
TK-245465,TK-246436,24.93888888888889
TK-242857,TK-243001,8.498611111111112
TK-252787,TK-253141,8.718055555555555
TK-253141,TK-254307,29.820138888888888
TK-248478,TK-248917,10.845138888888888
TK-240206,TK-240415,15.349305555555556
TK-253776,TK-254767,29.920833333333334
TK-249074,TK-249428,9.626388888888888
TK-248727,TK-249672,27.472916666666666
TK-240328,TK-240518,13.190277777777778
TK-245846,TK-246793,23.66111111111111
TK-246471,TK-247686,29.775694444444444
TK-240630,TK-240692,4.628472222222222
TK-252132,TK-252181,1.5923611111111111
TK-240844,TK-241067,13.42361111111111
TK-251724,TK-252082,9.946527777777778
TK-251724,TK-252421,19.554166666666667
TK-252082,TK-252421,8.538194444444445
TK-245702,TK-246423,18.27638888888889
TK-246423,TK-247149,18.43125
TK-253580,TK-254522,26.672916666666666
TK-253617,TK-254522,27.370833333333334
TK-250893,TK-251376,12.897916666666667
TK-250893,TK-251675,22.320138888888888
TK-251376,TK-251675,9.325694444444444
TK-246800,TK-247822,14.872222222222222
TK-246800,TK-248079,21.99513888888889
TK-247822,TK-248079,7.097916666666666
TK-246800,TK-248247,26.177083333333332
TK-247822,TK-248247,11.279861111111112
TK-248079,TK-248247,0.975
TK-247822,TK-248798,27.280555555555555
TK-248079,TK-248798,16.975694444444443
TK-248247,TK-248798,15.98263888888889
TK-248798,TK-249774,28.435416666666665
TK-254065,TK-254751,20.525694444444444
TK-240667,TK-240994,21.05625
TK-240994,TK-241427,25.930555555555557
TK-253281,TK-253408,3.3965277777777776
TK-247511,TK-247611,2.0972222222222223
TK-246540,TK-247463,22.571527777777778
TK-243188,TK-243543,15.415972222222223
TK-240369,TK-240376,0.8951388888888889
TK-246183,TK-246612,10.094444444444445
TK-247606,TK-248376,20.122222222222224
TK-240092,TK-240284,16.59722222222222
TK-240284,TK-240461,13.525
TK-248210,TK-248296,2.563888888888889
TK-241611,TK-242125,29.058333333333334
TK-242125,TK-242484,19.352083333333333
TK-242125,TK-242548,22.757638888888888
TK-242484,TK-242548,3.3715277777777777
TK-245541,TK-246054,13.690972222222221
TK-248696,TK-248946,7.831944444444445
TK-248946,TK-249803,23.145138888888887
TK-249803,TK-250684,14.597916666666666
TK-249966,TK-250828,24.600694444444443
TK-245191,TK-245690,14.848611111111111
TK-253971,TK-254649,21.019444444444446
TK-254646,TK-254681,1.1125
TK-246346,TK-246963,15.120138888888889
TK-246346,TK-247221,21.37013888888889
TK-246963,TK-247221,6.219444444444444
TK-242998,TK-243498,24.090972222222224
TK-250606,TK-251659,27.915277777777778
TK-251649,TK-252176,14.843055555555555
TK-249194,TK-249377,4.091666666666667
TK-250308,TK-251237,26.247916666666665
TK-252817,TK-253010,6.475
TK-240408,TK-240731,23.29861111111111
TK-241369,TK-241481,7.353472222222222
TK-241369,TK-241568,12.602777777777778
TK-241481,TK-241568,5.114583333333333
TK-243100,TK-243249,7.470833333333333
TK-246621,TK-247414,20.315277777777776
TK-250019,TK-250630,17.561805555555555
TK-243289,TK-243533,9.1875
TK-240732,TK-240999,17.052083333333332
TK-251051,TK-251672,18.24652777777778
TK-241193,TK-241296,2.734722222222222
TK-241236,TK-241296,3.595833333333333
TK-241193,TK-241494,15.49236111111111
TK-241236,TK-241494,16.353472222222223
TK-241296,TK-241494,7.366666666666666
TK-246966,TK-247052,2.1729166666666666
TK-246966,TK-247241,6.3284722222222225
TK-247052,TK-247241,4.110416666666667
TK-247241,TK-248318,27.366666666666667
TK-247241,TK-248369,29.018055555555556
TK-248318,TK-248369,1.5159722222222223
TK-242558,TK-242709,8.176388888888889
TK-242558,TK-243030,27.7125
TK-242709,TK-243030,19.485416666666666
TK-250911,TK-251954,28.485416666666666
TK-245451,TK-245532,2.5166666666666666
TK-245451,TK-246062,16.52638888888889
TK-245532,TK-246062,13.997222222222222
TK-246062,TK-246787,17.456944444444446
TK-246787,TK-247741,23.26527777777778
TK-244912,TK-245439,15.075694444444444
TK-246526,TK-247416,19.611805555555556
TK-247416,TK-248133,17.893055555555556
TK-242879,TK-242956,3.938888888888889
TK-242879,TK-242977,5.270833333333333
TK-242956,TK-242977,0.6833333333333333
TK-242956,TK-243493,26.731944444444444
TK-242977,TK-243493,13.631944444444445
TK-243381,TK-243973,22.835416666666667
TK-241931,TK-242058,7.493055555555555
TK-253157,TK-253593,6.319444444444445
TK-250093,TK-250212,3.158333333333333
TK-252881,TK-253193,10.104166666666666
TK-251799,TK-252413,17.13125
TK-250326,TK-250859,14.59375
TK-250326,TK-250909,16.397916666666667
TK-250326,TK-251243,25.69236111111111
TK-250859,TK-251243,8.002777777777778
TK-250909,TK-251243,9.277777777777779
TK-250859,TK-251457,14.42986111111111
TK-250909,TK-251457,15.70486111111111
TK-251243,TK-251457,6.4125
TK-240831,TK-241051,13.018055555555556
TK-245499,TK-246541,26.133333333333333
TK-246541,TK-248025,24.584027777777777
TK-243735,TK-243847,1.3
TK-253256,TK-254170,26.113888888888887
TK-254170,TK-254421,7.394444444444445
TK-253468,TK-253867,11.470833333333333
TK-249302,TK-250267,29.15625
TK-248678,TK-249211,14.20625
TK-248678,TK-249556,24.199305555555554
TK-249211,TK-249556,9.894444444444444
TK-242923,TK-243008,6.115277777777778
TK-246492,TK-246516,0.5763888888888888
TK-246492,TK-247254,18.906944444444445
TK-246516,TK-247254,18.31875
TK-248416,TK-249040,18.150694444444444
TK-252645,TK-252741,2.4305555555555554
TK-240078,TK-240084,0.5861111111111111
TK-242784,TK-243246,24.297916666666666
TK-246072,TK-246994,23.2125
TK-246994,TK-248216,27.163194444444443
TK-246268,TK-246663,2.277083333333333
TK-246268,TK-247009,11.619444444444444
TK-246663,TK-247009,6.313888888888889
TK-240884,TK-241027,9.243055555555555
TK-241027,TK-241538,25.584027777777777
TK-241538,TK-241817,13.596527777777778
TK-245679,TK-246215,12.46111111111111
TK-240616,TK-240691,2.6368055555555556
TK-240616,TK-240821,11.670833333333333
TK-240691,TK-240821,8.994444444444444
TK-240616,TK-241044,24.853472222222223
TK-240691,TK-241044,22.177083333333332
TK-240821,TK-241044,13.159722222222221
TK-240779,TK-241030,16.252777777777776
TK-241030,TK-241398,19.59861111111111
TK-250691,TK-251280,16.934722222222224
TK-252143,TK-252228,2.276388888888889
TK-242890,TK-243113,13.259722222222223
TK-242890,TK-243271,21.5375
TK-243113,TK-243271,4.611111111111111
TK-243771,TK-244546,25.229166666666668
TK-252651,TK-252767,3.459722222222222
TK-241078,TK-241112,2.032638888888889
TK-241078,TK-241245,9.368055555555555
TK-241112,TK-241245,4.322916666666667
TK-241078,TK-241259,10.20486111111111
TK-241112,TK-241259,5.159722222222222
TK-241078,TK-241522,27.775
TK-241112,TK-241522,22.729861111111113
TK-241245,TK-241522,17.39027777777778
TK-241259,TK-241522,17.3875
TK-242785,TK-243136,20.479166666666668
TK-250753,TK-251043,8.869444444444444
TK-249617,TK-250064,14.084027777777777
TK-250064,TK-250999,21.583333333333332
TK-246381,TK-246906,10.040277777777778
TK-246381,TK-247260,18.499305555555555
TK-246906,TK-247260,7.398611111111111
TK-244130,TK-244232,3.629166666666667
TK-244130,TK-244292,5.570833333333334
TK-244232,TK-244292,1.8819444444444444
TK-244130,TK-245027,29.551388888888887
TK-244232,TK-245027,25.8625
TK-244292,TK-245027,23.968055555555555
TK-240926,TK-240929,0.059722222222222225
TK-240926,TK-240942,0.9326388888888889
TK-240929,TK-240942,0.7875
TK-254590,TK-254837,6.555555555555555
TK-251247,TK-252029,22.490972222222222
TK-251247,TK-252169,26.522916666666667
TK-252029,TK-252169,1.0145833333333334
TK-252029,TK-252754,17.6625
TK-252169,TK-252754,13.589583333333334
TK-242819,TK-243014,12.390972222222222
TK-248840,TK-249741,25.573611111111113
TK-254121,TK-254189,1.9416666666666667
TK-241741,TK-241911,7.470138888888889
TK-250486,TK-250775,7.694444444444445
TK-250486,TK-251524,29.809722222222224
TK-250775,TK-251524,22.073611111111113
TK-249399,TK-249646,5.127083333333333
TK-241132,TK-241316,4.4625
TK-241132,TK-241385,8.950694444444444
TK-241316,TK-241385,4.303472222222222
TK-241132,TK-241535,18.911805555555556
TK-241316,TK-241535,14.264583333333333
TK-241385,TK-241535,9.90625
TK-240488,TK-240868,26.018055555555556
TK-240868,TK-240986,7.469444444444444
TK-253246,TK-253373,3.113888888888889
TK-253902,TK-254288,11.310416666666667
TK-251158,TK-251750,15.064583333333333
TK-246396,TK-246532,3.154166666666667
TK-247640,TK-248375,19.238888888888887
TK-240067,TK-240170,8.720138888888888
TK-240067,TK-240186,10.95
TK-240170,TK-240186,0.1986111111111111
TK-243020,TK-243152,6.407638888888889
TK-243020,TK-243165,7.425
TK-243152,TK-243165,0.1375
TK-243020,TK-243439,20.446527777777778
TK-243152,TK-243439,13.159027777777778
TK-243165,TK-243439,13.009722222222223
TK-252025,TK-252677,18.372222222222224
TK-250707,TK-250738,0.14444444444444443
TK-241431,TK-241627,11.606944444444444
TK-253190,TK-253672,12.863194444444444
TK-253190,TK-253707,14.021527777777777
TK-253672,TK-253707,1.1069444444444445
TK-253190,TK-254071,24.961805555555557
TK-253672,TK-254071,12.047222222222222
TK-253707,TK-254071,10.756944444444445
TK-241562,TK-241599,1.988888888888889
TK-241599,TK-242094,28.1
TK-242094,TK-242536,24.041666666666668
TK-241166,TK-241437,16.47013888888889
TK-241437,TK-241680,13.490277777777777
TK-244191,TK-244210,0.8694444444444445
TK-249182,TK-249773,17.30902777777778
TK-242434,TK-242487,3.073611111111111
TK-245908,TK-246204,7.341666666666667
TK-247231,TK-247671,10.352083333333333
TK-247231,TK-248358,28.596527777777776
TK-247671,TK-248358,18.220833333333335
TK-253906,TK-254413,10.213194444444444
TK-246860,TK-246884,0.2638888888888889
TK-246860,TK-248064,29.780555555555555
TK-246884,TK-248064,29.477777777777778
TK-246143,TK-246302,4.036111111111111
TK-247029,TK-247896,20.795833333333334
TK-247896,TK-248331,10.495833333333334
TK-247347,TK-247801,10.466666666666667
TK-250770,TK-251170,10.479861111111111
TK-243669,TK-244322,21.941666666666666
TK-243669,TK-244461,26.206944444444446
TK-244322,TK-244461,0.8569444444444444
TK-251737,TK-252071,9.179166666666667
TK-247550,TK-247555,0.01875
TK-247550,TK-248655,29.279166666666665
TK-247555,TK-248655,27.154166666666665
TK-253982,TK-254111,3.660416666666667
TK-241240,TK-241743,27.415277777777778
TK-242577,TK-242745,8.381944444444445
TK-242745,TK-243149,23.25347222222222
TK-243149,TK-243767,28.027083333333334
TK-245423,TK-246397,25.208333333333332
TK-247091,TK-247780,16.095833333333335
TK-248528,TK-249218,19.836805555555557
TK-244500,TK-244541,0.7486111111111111
TK-244500,TK-245322,27.240277777777777
TK-244541,TK-245322,26.39375
TK-242505,TK-242817,17.163888888888888
TK-242817,TK-243138,18.569444444444443
TK-243608,TK-244086,16.315277777777776
TK-244086,TK-244853,25.029166666666665
TK-244853,TK-245157,10.581944444444444
TK-245535,TK-245607,2.0166666666666666
TK-245535,TK-245634,2.732638888888889
TK-245607,TK-245634,0.7
TK-245535,TK-245828,7.88125
TK-245607,TK-245828,5.848611111111111
TK-245634,TK-245828,5.138194444444444
TK-245535,TK-245998,12.272916666666667
TK-245607,TK-245998,10.240277777777777
TK-245634,TK-245998,9.529861111111112
TK-245415,TK-245498,2.3694444444444445
TK-246564,TK-246657,2.0902777777777777
TK-246564,TK-246891,8.209027777777777
TK-246657,TK-246891,1.0645833333333334
TK-253017,TK-253207,5.5256944444444445
TK-242849,TK-243182,17.377083333333335
TK-243182,TK-243701,20.14236111111111
TK-242410,TK-242909,27.568055555555556
TK-241275,TK-241585,19.208333333333332
TK-252427,TK-252634,5.176388888888889
TK-242192,TK-242642,24.393055555555556
TK-252786,TK-253247,13.596527777777778
TK-247669,TK-248007,8.729166666666666
TK-247669,TK-248529,23.531944444444445
TK-248007,TK-248529,14.477083333333333
TK-247145,TK-247845,15.589583333333334
TK-243343,TK-244056,27.339583333333334
TK-249725,TK-250626,27.1625
TK-244287,TK-244585,8.575694444444444
TK-240965,TK-241412,27.153472222222224
TK-241412,TK-241603,10.970138888888888
TK-241707,TK-242063,15.840972222222222
TK-241707,TK-242206,23.31597222222222
TK-242063,TK-242206,6.264583333333333
TK-242206,TK-242869,25.211111111111112
TK-242869,TK-243446,29.180555555555557
TK-243459,TK-243823,9.122222222222222
TK-243459,TK-244291,25.50347222222222
TK-243823,TK-244291,14.277777777777779
TK-248898,TK-249756,24.591666666666665
TK-240365,TK-240749,27.238888888888887
TK-242255,TK-242264,0.3125
TK-252100,TK-252140,1.0194444444444444
TK-252100,TK-252744,18.275694444444444
TK-252140,TK-252744,17.105555555555554
TK-252100,TK-252853,22.424305555555556
TK-252140,TK-252853,21.254166666666666
TK-244558,TK-244807,8.102777777777778
TK-252615,TK-253310,19.320833333333333
TK-252615,TK-253361,20.98402777777778
TK-253310,TK-253361,1.6444444444444444
TK-240500,TK-240565,5.052083333333333
TK-240500,TK-240893,26.325
TK-240565,TK-240893,21.215972222222224
TK-246769,TK-247909,27.868055555555557
TK-244588,TK-244981,13.49236111111111
TK-247933,TK-248198,6.188888888888889
TK-253658,TK-253932,7.872916666666667
TK-253658,TK-254497,25.502083333333335
TK-253932,TK-254497,17.46388888888889
TK-253658,TK-254632,29.43888888888889
TK-253932,TK-254632,21.400694444444444
TK-254497,TK-254632,3.834722222222222
TK-248193,TK-248765,16.129166666666666
TK-244795,TK-244857,2.042361111111111
TK-244795,TK-244906,4.010416666666667
TK-244857,TK-244906,1.95
TK-244022,TK-244307,8.286805555555556
TK-242831,TK-242854,1.1194444444444445
TK-245092,TK-245672,17.470833333333335
TK-249698,TK-249721,0.7277777777777777
TK-249698,TK-250457,23.947222222222223
TK-249721,TK-250457,23.1875
TK-252982,TK-253614,17.570833333333333
TK-253614,TK-254452,25.060416666666665
TK-253804,TK-254644,26.040277777777778
TK-247290,TK-247655,8.13888888888889
TK-250470,TK-250790,8.404861111111112
TK-246895,TK-247811,22.204166666666666
TK-243978,TK-244151,6.14375
TK-243978,TK-244254,9.331944444444444
TK-244151,TK-245069,23.377083333333335
TK-244254,TK-245069,26.685416666666665
TK-245069,TK-245748,17.618055555555557
TK-251194,TK-251343,4.008333333333334
TK-252773,TK-253020,8.839583333333334
TK-251574,TK-251888,7.129861111111111
TK-248821,TK-248890,0.9625
TK-242681,TK-243298,26.070833333333333
TK-243298,TK-243960,14.317361111111111
TK-243150,TK-243196,1.8597222222222223
TK-250043,TK-250391,10.479166666666666
TK-250338,TK-250679,8.918055555555556
TK-250961,TK-251419,12.527083333333334
TK-245584,TK-245916,8.352777777777778
TK-245916,TK-247046,28.400694444444444
TK-247279,TK-247763,10.404861111111112
TK-246618,TK-247616,25.108333333333334
TK-246545,TK-247883,28.163194444444443
TK-242730,TK-242876,8.831944444444444
TK-242730,TK-243205,27.425
TK-242876,TK-243205,10.3875
TK-242876,TK-243550,26.131944444444443
TK-243205,TK-243550,3.3694444444444445
TK-243550,TK-244370,28.67152777777778
TK-247194,TK-247248,1.00625
TK-248395,TK-248983,14.199305555555556
TK-243903,TK-244851,22.936805555555555
TK-243937,TK-244851,29.995833333333334
TK-244001,TK-244095,3.095833333333333
TK-251452,TK-252289,24.309722222222224
TK-245454,TK-246264,21.400694444444444
TK-246264,TK-247042,17.380555555555556
TK-246264,TK-247394,26.084722222222222
TK-247042,TK-247394,7.217361111111111
TK-244770,TK-244843,2.048611111111111
TK-253291,TK-253926,16.568055555555556
TK-249124,TK-249691,16.05902777777778
TK-250586,TK-250597,0.39652777777777776
TK-251199,TK-251454,7.207638888888889
TK-243747,TK-243787,1.1076388888888888
TK-245556,TK-246021,12.596527777777778
TK-251695,TK-251807,3.23125
TK-244305,TK-244791,15.577083333333333
TK-244791,TK-245230,14.520833333333334
TK-252014,TK-252511,13.688194444444445
TK-252014,TK-252553,15.065277777777778
TK-252511,TK-252553,1.3576388888888888
TK-252511,TK-253349,25.521527777777777
TK-252553,TK-253349,21.08888888888889
TK-253349,TK-254186,23.377777777777776
TK-254311,TK-254702,12.174305555555556
TK-253473,TK-254209,21.676388888888887
TK-254209,TK-254888,20.059722222222224
TK-252484,TK-252664,5.175
TK-242607,TK-242759,8.000694444444445
TK-242607,TK-242987,21.457638888888887
TK-242759,TK-242987,13.317361111111111
TK-246935,TK-248086,28.284027777777776
TK-249355,TK-249631,7.904166666666667
TK-244730,TK-244833,3.2180555555555554
TK-251628,TK-252509,24.375
TK-252509,TK-253433,27.036805555555556
TK-242582,TK-242975,14.613888888888889
TK-245396,TK-246312,24.395138888888887
TK-250900,TK-251350,12.736805555555556
TK-250900,TK-251367,13.561805555555555
TK-250900,TK-251761,25.36875
TK-251350,TK-251761,7.572222222222222
TK-251367,TK-251761,10.747222222222222
TK-246850,TK-246919,1.770138888888889
TK-244667,TK-245115,10.475
TK-245952,TK-247076,28.099305555555556
TK-240856,TK-241349,19.255555555555556
TK-244290,TK-244644,10.696527777777778
TK-244290,TK-244739,13.957638888888889
TK-244644,TK-244739,3.247916666666667
TK-244739,TK-245587,27.491666666666667
TK-250943,TK-251090,4.107638888888889
TK-250943,TK-251607,19.2125
TK-251090,TK-251607,15.078472222222222
TK-248145,TK-248235,2.173611111111111
TK-252037,TK-252813,22.336805555555557
TK-253385,TK-253936,10.578472222222222
TK-249290,TK-249436,3.0618055555555554
TK-249432,TK-249946,15.560416666666667
TK-248576,TK-248695,3.328472222222222
TK-248576,TK-249073,14.729166666666666
TK-248695,TK-249073,11.35
TK-241878,TK-242197,18.488888888888887
TK-245244,TK-245455,6.3805555555555555
TK-245455,TK-246456,19.470833333333335
TK-252017,TK-252347,8.022222222222222
TK-252017,TK-252887,24.29375
TK-252347,TK-252887,8.250694444444445
TK-252347,TK-253565,27.80902777777778
TK-252887,TK-253565,17.111805555555556
TK-253130,TK-253960,22.483333333333334
TK-246504,TK-246802,7.170833333333333
TK-248516,TK-249295,22.502083333333335
TK-249295,TK-249806,14.513194444444444
TK-249295,TK-250202,26.98472222222222
TK-253582,TK-253820,6.660416666666666
TK-249980,TK-250937,28.0
TK-246801,TK-246916,0.13055555555555556
TK-254464,TK-254617,5.039583333333334
TK-249787,TK-250592,21.19097222222222
TK-246198,TK-246735,13.215972222222222
TK-246735,TK-247678,23.111805555555556
TK-240974,TK-241024,3.004166666666667
TK-240974,TK-241062,5.063194444444444
TK-241024,TK-241062,2.0305555555555554
TK-240974,TK-241120,8.678472222222222
TK-241024,TK-241120,5.645833333333333
TK-241062,TK-241120,2.595833333333333
TK-248583,TK-248717,3.907638888888889
TK-250380,TK-251239,14.347222222222221
TK-250484,TK-251239,21.281944444444445
TK-250380,TK-251421,19.51597222222222
TK-250484,TK-251421,26.450694444444444
TK-251239,TK-251421,5.153472222222222
TK-247525,TK-248228,17.78472222222222
TK-250892,TK-251024,4.107638888888889
TK-251863,TK-252739,22.144444444444446
TK-252739,TK-253712,27.170833333333334
TK-253712,TK-253900,4.215277777777778
TK-246187,TK-246278,2.329861111111111
TK-246187,TK-246603,9.629166666666666
TK-246278,TK-246603,7.116666666666666
TK-252372,TK-253142,24.10902777777778
TK-242874,TK-242929,2.303472222222222
TK-241005,TK-241038,1.7625
TK-241005,TK-241076,3.7319444444444443
TK-241038,TK-241076,1.9513888888888888
TK-253651,TK-253923,5.063888888888889
TK-246382,TK-246872,12.129861111111111
TK-248394,TK-248677,7.884027777777778
TK-242422,TK-242714,16.275694444444444
TK-242714,TK-243103,22.615277777777777
TK-249799,TK-249912,3.1993055555555556
TK-244547,TK-245089,18.28263888888889
TK-247332,TK-247563,5.51875
TK-247332,TK-247705,8.630555555555556
TK-247563,TK-247705,1.0944444444444446
TK-248052,TK-248307,6.848611111111111
TK-248307,TK-249188,25.380555555555556
TK-250493,TK-250529,1.025
TK-250493,TK-250605,2.7618055555555556
TK-250529,TK-250605,1.71875
TK-250493,TK-250835,9.197916666666666
TK-250529,TK-250835,8.154861111111112
TK-250605,TK-250835,6.427777777777778
TK-248718,TK-249144,12.223611111111111
TK-246923,TK-247499,12.39861111111111
TK-247499,TK-248610,29.01527777777778
TK-245757,TK-246646,22.204166666666666
TK-252223,TK-252818,17.386805555555554
TK-242170,TK-242355,9.479861111111111
TK-247377,TK-247614,3.602777777777778
TK-253540,TK-254118,17.204166666666666
TK-242529,TK-243162,29.044444444444444
TK-251860,TK-252254,8.760416666666666
TK-247987,TK-248938,25.352777777777778
TK-250189,TK-251288,26.384722222222223
TK-246473,TK-246610,2.8618055555555557
TK-252470,TK-252993,16.23472222222222
TK-248783,TK-249113,9.674305555555556
TK-241379,TK-241392,0.8388888888888889
TK-246634,TK-247059,10.946527777777778
TK-241807,TK-242088,15.040972222222223
TK-242088,TK-242521,15.00625
TK-242579,TK-242622,2.0097222222222224
TK-242065,TK-242297,10.013194444444444
TK-242065,TK-242341,12.113194444444444
TK-242297,TK-242341,2.0770833333333334
TK-245542,TK-245931,8.434722222222222
TK-247992,TK-248992,28.439583333333335
TK-250636,TK-251375,21.507638888888888
TK-246388,TK-246659,5.232638888888889
TK-246388,TK-247366,23.616666666666667
TK-246659,TK-247366,18.31875
TK-248164,TK-248377,5.8069444444444445
TK-248164,TK-248512,9.897222222222222
TK-248377,TK-248512,4.033333333333333
TK-248164,TK-248845,19.464583333333334
TK-248377,TK-248845,13.600694444444445
TK-248512,TK-248845,9.491666666666667
TK-248377,TK-249322,27.1625
TK-248512,TK-249322,23.053472222222222
TK-248845,TK-249322,13.54375
TK-248845,TK-249826,28.488194444444446
TK-249322,TK-249826,14.827083333333333
TK-244025,TK-244236,7.05
TK-244025,TK-244270,8.180555555555555
TK-244236,TK-244270,1.0965277777777778
TK-245227,TK-245588,11.154166666666667
TK-253429,TK-253993,16.65763888888889
TK-243843,TK-243971,4.66875
TK-250941,TK-251156,6.125694444444444
TK-250941,TK-251385,12.613888888888889
TK-251156,TK-251385,1.4548611111111112
TK-250941,TK-251811,25.344444444444445
TK-251156,TK-251811,14.185416666666667
TK-251385,TK-251811,12.703472222222222
TK-244331,TK-244369,0.9125
TK-244331,TK-244486,4.86875
TK-244369,TK-244486,2.9034722222222222
TK-244331,TK-245068,24.03611111111111
TK-244369,TK-245068,22.070833333333333
TK-244486,TK-245068,19.06597222222222
TK-244369,TK-245308,29.948611111111113
TK-244486,TK-245308,26.94375
TK-245068,TK-245308,7.83125
TK-245068,TK-246045,28.49513888888889
TK-245308,TK-246045,20.620833333333334
TK-252521,TK-253158,20.268055555555556
TK-252521,TK-253189,21.153472222222224
TK-253158,TK-253189,0.8479166666666667
TK-241735,TK-241767,1.8458333333333334
TK-241735,TK-242026,16.20277777777778
TK-241767,TK-242026,14.334027777777777
TK-254468,TK-254625,3.046527777777778
TK-253998,TK-254411,11.872222222222222
TK-253998,TK-254593,18.025
TK-254411,TK-254593,6.086111111111111
TK-253998,TK-254771,22.725
TK-254411,TK-254771,10.786111111111111
TK-254593,TK-254771,3.5340277777777778
TK-240219,TK-240338,8.793055555555556
TK-252110,TK-252928,23.96388888888889
TK-241799,TK-241831,1.8131944444444446
TK-244017,TK-244195,5.645833333333333
TK-244017,TK-244858,27.228472222222223
TK-242988,TK-243099,6.850694444444445
TK-253348,TK-253474,3.127083333333333
TK-246294,TK-246713,9.502083333333333
TK-246713,TK-247670,23.915277777777778
TK-250276,TK-250309,1.1770833333333333
TK-246699,TK-246765,1.85625
TK-246849,TK-247503,16.449305555555554
TK-247503,TK-248059,13.446527777777778
TK-247503,TK-248097,14.505555555555556
TK-248059,TK-248097,1.0465277777777777
TK-249450,TK-249973,16.09236111111111
TK-242945,TK-243156,12.479861111111111
TK-248176,TK-248442,7.458333333333333
TK-248176,TK-248750,16.260416666666668
TK-248442,TK-248750,6.772222222222222
TK-249950,TK-250535,17.669444444444444
TK-253855,TK-254612,20.52986111111111
TK-246411,TK-247162,18.8625
TK-249220,TK-249650,12.147222222222222
TK-242974,TK-243047,3.109722222222222
TK-242974,TK-243104,5.832638888888889
TK-243047,TK-243104,2.6993055555555556
TK-244999,TK-245630,11.51388888888889
TK-249212,TK-249491,8.25
TK-250381,TK-251339,27.071527777777778
TK-246342,TK-247124,19.255555555555556
TK-247812,TK-248472,18.13888888888889
TK-253458,TK-253616,4.361111111111111
TK-240664,TK-240975,20.075
TK-245982,TK-246282,7.301388888888889
TK-243358,TK-243422,0.8423611111111111
TK-243356,TK-243932,22.15972222222222
TK-243932,TK-244581,21.03611111111111
TK-253599,TK-254144,11.365972222222222
TK-253761,TK-254144,8.584722222222222
TK-246174,TK-246327,4.493055555555555
TK-251566,TK-252291,19.327083333333334
TK-250574,TK-251580,27.572916666666668
TK-251580,TK-251690,3.0555555555555554
TK-241745,TK-242121,19.301388888888887
TK-253966,TK-254196,6.908333333333333
TK-250836,TK-251326,14.44375
TK-243603,TK-243860,9.11875
TK-241036,TK-241155,1.1590277777777778
TK-241718,TK-241764,1.5916666666666666
TK-241257,TK-241389,8.127777777777778
TK-253230,TK-254009,22.413888888888888
TK-240870,TK-240962,6.016666666666667
TK-243414,TK-243447,1.0597222222222222
TK-243414,TK-243485,2.4347222222222222
TK-243447,TK-243485,1.3645833333333333
TK-243485,TK-244589,26.3625
TK-246988,TK-247561,13.821527777777778
TK-247561,TK-248431,23.117361111111112
TK-243453,TK-243509,2.3520833333333333
TK-243453,TK-243525,3.2472222222222222
TK-243509,TK-243525,0.8631944444444445
TK-243453,TK-243696,10.515277777777778
TK-243509,TK-243696,8.13125
TK-251482,TK-251726,7.05
TK-243313,TK-243518,9.215277777777779
TK-243313,TK-243614,13.411805555555556
TK-243518,TK-243614,4.175694444444445
TK-246542,TK-247181,16.090972222222224
TK-244237,TK-244380,4.063888888888889
TK-244237,TK-244549,9.465277777777779
TK-244380,TK-244549,5.361111111111111
TK-244027,TK-244507,14.196527777777778
TK-252718,TK-253155,14.125694444444445
TK-245665,TK-245853,4.988194444444445
TK-242362,TK-242537,10.422916666666667
TK-247485,TK-247954,8.047916666666667
TK-248948,TK-249230,7.597222222222222
TK-248948,TK-249393,12.041666666666666
TK-249230,TK-249393,4.3625
TK-249114,TK-249369,6.940972222222222
TK-254183,TK-254544,11.20486111111111
TK-250694,TK-251598,26.721527777777776
TK-254251,TK-254261,0.4201388888888889
TK-245799,TK-245808,0.18680555555555556
TK-245799,TK-245995,5.258333333333334
TK-245808,TK-245995,4.75625
TK-250138,TK-251027,26.288888888888888
TK-253884,TK-254607,20.652083333333334
TK-240253,TK-240312,4.104166666666667
TK-241244,TK-241720,28.4125
TK-250906,TK-251279,10.19375
TK-250906,TK-251882,28.619444444444444
TK-251279,TK-251882,15.057638888888889
TK-249115,TK-249673,12.927083333333334
TK-241089,TK-241537,27.414583333333333
TK-252617,TK-252708,3.079861111111111
TK-252617,TK-252963,11.285416666666666
TK-252708,TK-252963,5.173611111111111
TK-244566,TK-245369,25.115277777777777
TK-240487,TK-240925,29.603472222222223
TK-249730,TK-249911,4.497916666666667
TK-243024,TK-243083,2.558333333333333
TK-243083,TK-243714,26.14027777777778
TK-243714,TK-244033,6.004166666666666
TK-244911,TK-245460,17.83888888888889
TK-244911,TK-245577,21.041666666666668
TK-248187,TK-249063,25.231944444444444
TK-245361,TK-245545,5.228472222222222
TK-244207,TK-244584,11.179166666666667
TK-252116,TK-252641,13.409722222222221
TK-252018,TK-252263,1.7368055555555555
TK-252018,TK-252700,14.448611111111111
TK-252263,TK-252700,12.655555555555555
TK-241320,TK-241368,1.0375
TK-241320,TK-241479,8.613194444444444
TK-241368,TK-241479,7.420833333333333
TK-241320,TK-241789,25.396527777777777
TK-241368,TK-241789,24.204166666666666
TK-241479,TK-241789,13.747916666666667
TK-252716,TK-252809,2.9520833333333334
TK-252716,TK-252937,6.922916666666667
TK-252809,TK-252937,3.926388888888889
TK-244253,TK-244810,17.693055555555556
TK-244253,TK-245161,29.802083333333332
TK-244810,TK-245161,11.75625
TK-248337,TK-249160,11.888194444444444
TK-248063,TK-248632,15.479861111111111
TK-243894,TK-244391,16.725
TK-243894,TK-244502,20.16875
TK-244391,TK-244502,3.310416666666667
TK-243894,TK-244603,23.219444444444445
TK-244391,TK-244603,6.361111111111111
TK-244502,TK-244603,3.0277777777777777
TK-246582,TK-246837,6.695833333333334
TK-248386,TK-248559,4.803472222222222
TK-250922,TK-251900,28.528472222222224
TK-253552,TK-253875,9.200694444444444
TK-242136,TK-242196,2.91875
TK-242136,TK-242306,8.366666666666667
TK-242196,TK-242306,4.430555555555555
TK-242136,TK-242409,14.35763888888889
TK-242196,TK-242409,10.421527777777778
TK-242306,TK-242409,5.817361111111111
TK-242136,TK-242454,16.800694444444446
TK-242196,TK-242454,12.864583333333334
TK-242306,TK-242454,8.260416666666666
TK-242136,TK-242580,24.354166666666668
TK-242196,TK-242580,20.418055555555554
TK-242306,TK-242580,15.813888888888888
TK-242409,TK-242580,6.980555555555555
TK-242454,TK-242580,7.488194444444445
TK-242196,TK-242717,27.653472222222224
TK-242306,TK-242717,23.049305555555556
TK-242409,TK-242717,14.215972222222222
TK-242454,TK-242717,14.723611111111111
TK-242580,TK-242717,7.214583333333334
TK-246722,TK-246869,4.009027777777778
TK-246722,TK-247402,17.20138888888889
TK-246869,TK-247402,13.166666666666666
TK-245113,TK-245738,18.420833333333334
TK-245898,TK-245970,2.325
TK-244908,TK-245192,4.075
TK-244908,TK-245580,16.014583333333334
TK-245192,TK-245580,11.886805555555556
TK-244623,TK-244662,1.1104166666666666
TK-246825,TK-247595,19.004166666666666
TK-244525,TK-245270,22.3875
TK-245015,TK-245379,11.931944444444444
TK-253865,TK-254283,4.263194444444444
TK-245141,TK-245317,5.714583333333334
TK-245141,TK-245519,12.113194444444444
TK-245317,TK-245519,3.102777777777778
TK-247143,TK-248265,28.033333333333335
TK-245041,TK-245310,9.07638888888889
TK-242064,TK-242383,16.196527777777778
TK-242383,TK-242823,24.66875
TK-250449,TK-250516,1.9506944444444445
TK-247569,TK-248327,19.22222222222222
TK-245205,TK-245628,7.531944444444444
TK-245205,TK-246023,17.979166666666668
TK-245628,TK-246023,5.35
TK-251820,TK-252931,29.022222222222222
TK-245409,TK-246092,18.46736111111111
TK-245409,TK-246581,29.85
TK-246092,TK-246581,11.2875
TK-251091,TK-251342,3.7159722222222222
TK-251669,TK-252468,22.294444444444444
TK-252468,TK-253209,23.019444444444446
TK-242931,TK-242964,1.913888888888889
TK-242931,TK-243097,10.53125
TK-242964,TK-243097,5.604166666666667
TK-245653,TK-246044,7.178472222222222
TK-246044,TK-247398,28.37152777777778
TK-241011,TK-241475,28.025
TK-250220,TK-250447,7.026388888888889
TK-250220,TK-250881,19.20138888888889
TK-250447,TK-250881,12.105555555555556
TK-241694,TK-241727,1.788888888888889
TK-244609,TK-245309,23.752777777777776
TK-245309,TK-246239,25.229861111111113
TK-254075,TK-254279,3.751388888888889
TK-249101,TK-249507,11.686805555555555
TK-243555,TK-243743,7.623611111111111
TK-247033,TK-247418,9.403472222222222
TK-247033,TK-247756,16.94236111111111
TK-247418,TK-247756,7.523611111111111
TK-254126,TK-254148,0.8569444444444444
TK-241674,TK-242048,16.50625
TK-241678,TK-242048,21.37986111111111
TK-251401,TK-251499,2.1215277777777777
TK-251401,TK-251947,15.188194444444445
TK-251499,TK-251947,11.000694444444445
TK-251401,TK-252108,19.563194444444445
TK-251499,TK-252108,15.375694444444445
TK-251947,TK-252108,4.341666666666667
TK-253530,TK-254419,24.272222222222222
TK-253298,TK-254216,26.230555555555554
TK-254216,TK-254736,14.878472222222221
TK-242466,TK-242804,18.604861111111113
TK-252210,TK-252245,0.9298611111111111
TK-252210,TK-252706,14.1
TK-252245,TK-252706,13.002777777777778
TK-253541,TK-254334,22.478472222222223
TK-252107,TK-252465,10.06875
TK-245566,TK-246027,12.119444444444444
TK-241106,TK-241509,24.459027777777777
TK-245392,TK-246029,17.219444444444445
TK-248888,TK-249517,18.352777777777778
TK-248888,TK-249694,23.025
TK-244010,TK-244203,5.624305555555556
TK-244010,TK-244560,16.672916666666666
TK-244203,TK-244560,9.028472222222222
TK-244203,TK-245132,28.30902777777778
TK-244560,TK-245132,16.84861111111111
TK-245956,TK-245971,0.2777777777777778
TK-253856,TK-254467,13.728472222222223
TK-245883,TK-246809,22.84722222222222
TK-246809,TK-247888,26.622222222222224
TK-247888,TK-248547,18.07847222222222
TK-244595,TK-244901,10.080555555555556
TK-240317,TK-240660,25.605555555555554
TK-240573,TK-240652,5.2375
TK-242329,TK-242744,13.354861111111111
TK-245120,TK-245413,8.348611111111111
TK-250802,TK-251222,12.14236111111111
TK-250802,TK-251344,15.283333333333333
TK-251222,TK-251344,3.0944444444444446
TK-251530,TK-252488,26.880555555555556
TK-251530,TK-252517,27.759027777777778
TK-252488,TK-252517,0.8666666666666667
TK-251530,TK-252527,27.956944444444446
TK-252488,TK-252527,1.0645833333333334
TK-252517,TK-252527,0.18680555555555556
TK-251144,TK-251347,5.299305555555556
TK-245381,TK-246199,19.646527777777777
TK-245444,TK-246199,17.82986111111111
TK-250469,TK-250512,0.7944444444444444
TK-249351,TK-250206,24.865972222222222
TK-250206,TK-250733,15.442361111111111
TK-249687,TK-249917,7.709027777777778
TK-241514,TK-241774,13.534027777777778
TK-245010,TK-245483,15.364583333333334
TK-250660,TK-251268,17.520138888888887
TK-247109,TK-248141,25.62361111111111
TK-241769,TK-242042,15.709027777777777
TK-242502,TK-242725,11.551388888888889
TK-249903,TK-250339,13.96111111111111
TK-246081,TK-247302,27.28472222222222
TK-248623,TK-248865,3.9118055555555555
TK-251891,TK-252512,16.948611111111113
TK-252512,TK-252958,14.227083333333333
TK-252512,TK-253267,23.32638888888889
TK-252958,TK-253267,8.08125
TK-248037,TK-248302,7.1194444444444445
TK-248302,TK-249147,24.279166666666665
TK-249147,TK-250086,28.38125
TK-240178,TK-240272,7.695138888888889
TK-240178,TK-240479,23.417361111111113
TK-240272,TK-240479,15.463888888888889
TK-248109,TK-249141,29.28125
TK-241737,TK-241782,2.5972222222222223
TK-242288,TK-242641,20.391666666666666
TK-246630,TK-246965,9.134027777777778
TK-246630,TK-247585,23.886805555555554
TK-246965,TK-247585,14.461805555555555
TK-244925,TK-245098,2.740972222222222
TK-245001,TK-245098,3.015972222222222
TK-244925,TK-245560,17.37361111111111
TK-245001,TK-245560,17.648611111111112
TK-245098,TK-245560,14.622916666666667
TK-245560,TK-246461,20.09375
TK-242650,TK-242774,5.624305555555556
TK-243556,TK-243710,6.028472222222222
TK-243556,TK-244060,17.689583333333335
TK-243710,TK-244060,11.59375
TK-244937,TK-245253,10.352777777777778
TK-244421,TK-245179,25.108333333333334
TK-253504,TK-253967,13.389583333333333
TK-253504,TK-254181,19.88888888888889
TK-253967,TK-254181,6.486805555555556
TK-240398,TK-240542,7.438888888888889
TK-250403,TK-250687,7.861111111111111
TK-250403,TK-250713,8.676388888888889
TK-250403,TK-251074,19.558333333333334
TK-250713,TK-251074,10.849305555555556
TK-250403,TK-251197,22.79513888888889
TK-250713,TK-251197,14.08611111111111
TK-243021,TK-243183,3.8680555555555554
TK-243121,TK-243183,1.8381944444444445
TK-243021,TK-243391,13.522222222222222
TK-243121,TK-243391,11.49236111111111
TK-243183,TK-243391,9.64236111111111
TK-250936,TK-251701,21.70277777777778
TK-253924,TK-254749,25.21875
TK-249594,TK-250180,18.105555555555554
TK-251191,TK-251934,22.030555555555555
TK-246165,TK-246562,9.7625
TK-242839,TK-242984,8.50625
TK-248263,TK-249173,24.068055555555556
TK-243757,TK-244311,18.425694444444446
TK-247314,TK-248447,29.367361111111112
TK-251594,TK-251942,6.570833333333334
TK-251594,TK-252208,14.04861111111111
TK-251942,TK-252208,7.465277777777778
TK-251942,TK-252886,27.242361111111112
TK-252208,TK-252886,19.597916666666666
TK-250860,TK-250957,3.2472222222222222
TK-249285,TK-249563,8.293055555555556
TK-247644,TK-248343,18.036805555555556
TK-242143,TK-242503,14.302083333333334
TK-242143,TK-242519,14.74375
TK-253338,TK-253364,0.7763888888888889
TK-250661,TK-251142,14.29513888888889
TK-247857,TK-247926,1.8486111111111112
TK-241827,TK-241830,0.21458333333333332
TK-240681,TK-240816,9.575694444444444
TK-245597,TK-246499,20.835416666666667
TK-241227,TK-241337,4.00625
TK-254654,TK-254850,2.0708333333333333
TK-242074,TK-242401,17.269444444444446
TK-251017,TK-251538,13.04513888888889
TK-250074,TK-250771,15.57638888888889
TK-245618,TK-245764,3.75
TK-245764,TK-246823,26.73125
TK-246823,TK-247429,15.18125
TK-246091,TK-246196,2.182638888888889
TK-247199,TK-247740,13.061805555555555
TK-247199,TK-247956,18.40763888888889
TK-247740,TK-247956,5.336805555555555
TK-249458,TK-249654,5.313194444444444
TK-249458,TK-249692,6.26875
TK-252323,TK-253277,28.353472222222223
TK-243049,TK-243646,28.398611111111112
TK-254152,TK-254346,5.107638888888889
TK-246590,TK-247433,21.88125
TK-247433,TK-248160,18.104166666666668
TK-242538,TK-242687,8.134027777777778
TK-251014,TK-251548,10.532638888888888
TK-251548,TK-252419,24.304861111111112
TK-241622,TK-241840,11.2875
TK-253780,TK-254746,29.333333333333332
TK-242884,TK-242976,5.040972222222222
TK-242884,TK-243029,9.42986111111111
TK-242976,TK-243029,4.279166666666667
TK-248260,TK-248937,19.99513888888889
TK-248260,TK-249095,24.216666666666665
TK-248937,TK-249095,3.15
TK-248709,TK-249318,17.363194444444446
TK-254015,TK-254583,15.8625
TK-254015,TK-254783,21.05625
TK-254583,TK-254783,5.164583333333334
TK-253525,TK-254292,21.698611111111113
TK-242614,TK-242967,19.586805555555557
TK-242614,TK-243107,28.15
TK-249264,TK-249519,4.590972222222222
TK-249294,TK-249519,6.427777777777778
TK-244184,TK-244482,8.609027777777778
TK-244184,TK-244792,18.604861111111113
TK-244482,TK-244792,9.414583333333333
TK-240387,TK-240536,10.175694444444444
TK-245036,TK-245815,23.384722222222223
TK-246173,TK-246368,4.2625
TK-247804,TK-248843,29.146527777777777
TK-245195,TK-245593,12.42986111111111
TK-245593,TK-246487,22.414583333333333
TK-250849,TK-251852,29.90138888888889
TK-246057,TK-247056,25.0375
TK-247056,TK-247803,12.597222222222221
TK-247803,TK-248579,21.349305555555556
TK-253868,TK-254807,26.199305555555554
TK-240456,TK-240469,1.0131944444444445
TK-243394,TK-243602,7.240277777777778
TK-243602,TK-244408,24.426388888888887
TK-248429,TK-248902,13.584027777777777
TK-248429,TK-249131,19.8875
TK-248902,TK-249131,6.249305555555556
TK-253479,TK-254203,21.309722222222224
TK-245855,TK-246513,16.583333333333332
TK-246749,TK-247378,16.104166666666668
TK-245605,TK-245666,1.0541666666666667
TK-245878,TK-246033,4.270833333333333
TK-251442,TK-252389,26.085416666666667
TK-247473,TK-248324,18.54375
TK-247553,TK-248324,19.822222222222223
TK-250311,TK-250502,4.054166666666666
TK-252414,TK-252771,9.901388888888889
TK-249983,TK-250178,3.3875
TK-249392,TK-249805,9.121527777777779
TK-253644,TK-253922,8.24375
TK-253644,TK-253974,9.869444444444444
TK-253922,TK-253974,1.2458333333333333
TK-253922,TK-254840,27.095833333333335
TK-253974,TK-254840,22.688194444444445
TK-245204,TK-245543,10.197916666666666
TK-245766,TK-246458,14.565277777777778
TK-241711,TK-242096,17.475694444444443
TK-242347,TK-242364,1.2201388888888889
TK-253322,TK-253636,8.365277777777777
TK-253322,TK-253803,12.897916666666667
TK-253636,TK-253803,4.370833333333334
TK-250316,TK-251255,26.58888888888889
TK-251445,TK-252162,20.551388888888887
TK-253990,TK-254008,0.8305555555555556
TK-253990,TK-254230,6.940972222222222
TK-247928,TK-248966,29.933333333333334
TK-245603,TK-246675,26.98263888888889
TK-250375,TK-250952,13.515277777777778
TK-250467,TK-251259,22.256944444444443
TK-247267,TK-248409,28.21527777777778
TK-240091,TK-240227,10.536805555555556
TK-240776,TK-240935,9.390277777777778
TK-241454,TK-241581,7.302777777777778
TK-253650,TK-253752,3.1166666666666667
TK-253842,TK-254463,19.104166666666668
TK-250103,TK-250225,1.6402777777777777
TK-250103,TK-251132,28.101388888888888
TK-250225,TK-251132,26.447916666666668
TK-251467,TK-251495,0.8861111111111111
TK-240964,TK-241335,15.469444444444445
TK-252863,TK-253597,20.79513888888889
TK-252863,TK-253627,21.91111111111111
TK-253597,TK-253627,1.0618055555555554
TK-250809,TK-250977,4.96875
TK-241699,TK-241758,3.236111111111111
TK-241699,TK-242215,29.491666666666667
TK-241758,TK-242215,23.240972222222222
TK-242215,TK-242689,25.322222222222223
TK-248779,TK-249797,27.24513888888889
TK-253938,TK-254564,19.279166666666665
TK-253938,TK-254784,25.414583333333333
TK-254564,TK-254784,6.105555555555555
TK-253200,TK-253505,7.593055555555556
TK-253505,TK-254788,23.57986111111111
TK-242301,TK-242316,0.8201388888888889
TK-242301,TK-242497,11.045833333333333
TK-242301,TK-242719,23.519444444444446
TK-242497,TK-242719,12.26736111111111
TK-241014,TK-241066,1.9305555555555556
TK-250572,TK-250913,5.159027777777778
TK-241921,TK-242079,9.01736111111111
TK-245641,TK-245974,8.934722222222222
TK-249746,TK-250412,21.013194444444444
TK-247983,TK-248722,20.95347222222222
TK-244047,TK-244148,3.810416666666667
TK-240256,TK-240300,3.7381944444444444
TK-248014,TK-248170,4.427083333333333
TK-244498,TK-244757,5.1375
TK-244498,TK-245397,26.78472222222222
TK-244757,TK-245397,13.334027777777777
TK-252679,TK-253689,29.073611111111113
TK-240546,TK-240783,16.882638888888888
TK-244637,TK-245395,25.604861111111113
TK-243898,TK-243994,3.451388888888889
TK-244922,TK-245054,4.052777777777778
TK-243815,TK-244314,15.134722222222223
TK-247781,TK-248620,23.100694444444443
TK-248744,TK-249667,26.619444444444444
TK-245933,TK-246218,6.990972222222222
TK-249844,TK-250342,16.047916666666666
TK-247465,TK-247789,6.190972222222222
TK-247465,TK-248061,13.49375
TK-247789,TK-248061,7.277083333333334
TK-247465,TK-248322,20.71875
TK-247789,TK-248322,14.502083333333333
TK-248061,TK-248322,7.198611111111111
TK-241654,TK-242012,19.394444444444446
TK-242012,TK-242238,13.495833333333334
TK-242238,TK-242733,27.025694444444444
TK-243340,TK-243945,23.93402777777778
TK-247760,TK-248454,14.26388888888889
TK-250863,TK-251135,7.718055555555556
TK-248080,TK-248122,1.0430555555555556
TK-250545,TK-250935,11.475694444444445
TK-250935,TK-251621,19.97361111111111
TK-253444,TK-253995,16.194444444444443
TK-244752,TK-245233,13.600694444444445
TK-240229,TK-240248,1.0451388888888888
TK-245337,TK-245596,7.723611111111111
TK-245337,TK-245958,17.179166666666667
TK-245596,TK-245958,9.41388888888889
TK-244520,TK-245099,19.594444444444445
TK-241576,TK-241681,5.008333333333334
TK-241576,TK-241855,15.040972222222223
TK-241681,TK-241855,7.8597222222222225
TK-240497,TK-240734,16.084027777777777
TK-251111,TK-251683,11.970833333333333
TK-254471,TK-254560,2.4305555555555554
TK-247001,TK-247436,10.763194444444444
TK-247436,TK-248244,18.053472222222222
TK-248244,TK-249000,22.302777777777777
TK-249000,TK-249548,12.441666666666666
TK-240483,TK-240521,1.8034722222222221
TK-240483,TK-240553,4.1375
TK-240521,TK-240553,2.308333333333333
TK-240483,TK-240639,10.98263888888889
TK-240521,TK-240639,9.153472222222222
TK-240553,TK-240639,5.799305555555556
TK-248500,TK-249476,28.25138888888889
TK-247703,TK-248764,29.15486111111111
TK-243320,TK-243390,3.251388888888889
TK-243320,TK-243452,5.7875
TK-243390,TK-243452,2.529861111111111
TK-247737,TK-248123,10.081944444444444
TK-254194,TK-254556,6.093055555555556
TK-254194,TK-254633,8.442361111111111
TK-254556,TK-254633,1.9506944444444445
TK-252862,TK-253638,19.841666666666665
TK-242081,TK-242470,16.377083333333335
TK-247539,TK-248537,18.386111111111113
TK-241282,TK-241746,26.508333333333333
TK-245049,TK-245713,8.175
TK-243557,TK-244387,28.780555555555555
TK-244339,TK-244972,20.866666666666667
TK-244972,TK-245315,11.198611111111111
TK-249157,TK-249504,8.026388888888889
TK-251660,TK-251970,8.790972222222223
TK-241087,TK-241480,24.115277777777777
TK-251408,TK-251513,3.775
TK-251408,TK-251782,11.261111111111111
TK-251513,TK-251782,7.458333333333333
TK-243265,TK-243316,2.6284722222222223
TK-242848,TK-242912,2.7944444444444443
TK-242912,TK-243513,28.46736111111111
TK-243965,TK-244053,2.4965277777777777
TK-241504,TK-241760,13.540277777777778
TK-248092,TK-248420,9.53888888888889
TK-243278,TK-243801,19.024305555555557
TK-240791,TK-240826,2.1805555555555554
TK-250741,TK-251249,14.655555555555555
TK-249018,TK-249104,2.071527777777778
TK-243705,TK-243717,0.18819444444444444
TK-243705,TK-244078,12.260416666666666
TK-243717,TK-244078,11.690277777777778
TK-244078,TK-244673,19.533333333333335
TK-240296,TK-240323,0.7263888888888889
TK-250930,TK-251053,3.36875
TK-246329,TK-246579,5.227777777777778
TK-247025,TK-247074,1.1381944444444445
TK-247025,TK-247371,8.563888888888888
TK-247074,TK-247371,7.31875
TK-254401,TK-254509,2.4923611111111112
TK-253869,TK-254270,10.884027777777778
TK-243227,TK-243698,19.124305555555555
TK-243698,TK-244218,12.53888888888889
TK-243698,TK-244280,14.580555555555556
TK-244218,TK-244280,2.0229166666666667
TK-243698,TK-244735,29.01736111111111
TK-244218,TK-244735,16.459722222222222
TK-244280,TK-244735,12.290277777777778
TK-250323,TK-250632,7.927083333333333
TK-250323,TK-250974,18.448611111111113
TK-250632,TK-250974,10.498611111111112
TK-246184,TK-246543,8.468055555555555
TK-251161,TK-251263,2.0388888888888888
TK-254188,TK-254658,14.425
TK-250238,TK-250507,8.314583333333333
TK-244069,TK-244204,4.642361111111111
TK-244069,TK-244625,17.72361111111111
TK-244204,TK-244625,10.7125
TK-251056,TK-251218,4.427083333333333
TK-240334,TK-240712,27.485416666666666
TK-247523,TK-247715,1.3
TK-253239,TK-253503,7.065277777777778
TK-248731,TK-249470,21.688194444444445
TK-253295,TK-253662,9.9375
TK-241893,TK-241939,2.6125
TK-243451,TK-244070,20.084722222222222
TK-244070,TK-244378,8.122916666666667
TK-249270,TK-250029,22.926388888888887
TK-249270,TK-250205,28.054861111111112
TK-250029,TK-250205,4.952083333333333
TK-245583,TK-246004,10.884027777777778
TK-245583,TK-246390,20.522222222222222
TK-246004,TK-246390,9.613194444444444
TK-250033,TK-250149,3.579861111111111
TK-251317,TK-251551,7.545833333333333
TK-254503,TK-254572,1.7972222222222223
TK-254503,TK-254855,9.786805555555556
TK-254572,TK-254855,4.967361111111111
TK-247815,TK-248801,15.35625
TK-251869,TK-251913,1.1194444444444445
TK-251869,TK-252505,17.22361111111111
TK-251913,TK-252505,13.092361111111112
TK-252085,TK-252808,18.036805555555556
TK-250279,TK-250531,6.2972222222222225
TK-250283,TK-250295,0.2763888888888889
TK-240108,TK-240112,0.31319444444444444
TK-250919,TK-251955,29.197222222222223
TK-251955,TK-252613,18.118055555555557
TK-251955,TK-252748,22.12152777777778
TK-252613,TK-252748,3.8958333333333335
TK-245198,TK-245961,22.023611111111112
TK-251755,TK-252052,5.113194444444445
TK-251785,TK-252052,7.122916666666667
TK-250983,TK-251085,3.04375
TK-243494,TK-244019,20.277083333333334
TK-253816,TK-254651,22.904166666666665
TK-252755,TK-253714,28.335416666666667
TK-240163,TK-240543,24.383333333333333
TK-252639,TK-252932,8.65
TK-252639,TK-252978,10.503472222222221
TK-252932,TK-252978,1.78125
TK-252978,TK-253977,28.04861111111111
TK-246791,TK-247265,11.746527777777779
TK-252118,TK-252807,7.004166666666666
TK-252118,TK-253210,19.852777777777778
TK-252807,TK-253210,12.811111111111112
TK-247026,TK-247536,12.2125
TK-246942,TK-247107,3.9375
TK-246942,TK-247236,6.788888888888889
TK-247107,TK-247236,2.8208333333333333
TK-253562,TK-254130,17.108333333333334
TK-244564,TK-245042,16.083333333333332
TK-240552,TK-240766,12.40625
TK-240552,TK-241012,28.070833333333333
TK-240766,TK-241012,12.472916666666666
TK-240766,TK-241319,29.928472222222222
TK-241012,TK-241319,15.35138888888889
TK-242435,TK-242865,24.396527777777777
TK-253146,TK-253715,7.492361111111111
TK-252625,TK-253011,12.784722222222221
TK-254059,TK-254825,19.944444444444443
TK-244871,TK-245237,12.4375
TK-253423,TK-253453,0.6611111111111111
TK-252927,TK-253237,9.408333333333333
TK-249084,TK-250081,29.440277777777776
TK-250081,TK-250163,0.6986111111111111
TK-250081,TK-250822,19.780555555555555
TK-250163,TK-250822,19.070833333333333
TK-250081,TK-250875,21.542361111111113
TK-250163,TK-250875,20.832638888888887
TK-246243,TK-247196,23.534027777777776
TK-245152,TK-245391,5.98125
TK-252570,TK-252984,10.089583333333334
TK-243040,TK-243154,5.250694444444444
TK-251504,TK-251527,0.8319444444444445
TK-251504,TK-251652,4.538888888888889
TK-251527,TK-251652,3.615972222222222
TK-244272,TK-245137,28.010416666666668
TK-243438,TK-243551,2.93125
TK-243438,TK-244037,20.781944444444445
TK-243551,TK-244037,17.318055555555556
TK-244037,TK-244567,16.76875
TK-244567,TK-245066,17.01736111111111
TK-243208,TK-243338,5.99375
TK-251485,TK-252331,24.0
TK-251599,TK-252267,6.872222222222222
TK-251599,TK-252612,16.50486111111111
TK-252267,TK-252612,9.620833333333334
TK-253083,TK-253405,8.353472222222223
TK-249163,TK-249446,8.347916666666666
TK-247458,TK-247712,5.384027777777778
TK-242214,TK-242279,3.584722222222222
TK-242214,TK-242337,6.446527777777778
TK-242214,TK-242463,13.499305555555555
TK-242337,TK-242463,7.019444444444445
TK-248139,TK-249120,28.074305555555554
TK-249120,TK-249508,11.13888888888889
TK-249342,TK-250132,24.115972222222222
TK-246439,TK-247409,24.272222222222222
TK-242783,TK-242925,8.116666666666667
TK-240596,TK-240738,9.513194444444444
TK-248034,TK-248113,2.1465277777777776
TK-240088,TK-240200,10.980555555555556
TK-245991,TK-246460,11.707638888888889
TK-248998,TK-249775,20.40763888888889
TK-247903,TK-248252,9.308333333333334
TK-250947,TK-251905,27.599305555555556
TK-248047,TK-248526,13.749305555555555
TK-251546,TK-251773,4.14375
TK-252337,TK-253037,22.06388888888889
TK-251436,TK-251933,15.047222222222222
TK-251436,TK-252361,26.572222222222223
TK-251933,TK-252361,11.461805555555555
TK-250024,TK-250526,14.950694444444444
TK-244602,TK-244784,6.075
TK-243054,TK-243687,29.179166666666667
TK-243687,TK-243881,6.536111111111111
TK-250320,TK-251136,20.118055555555557
TK-251645,TK-252229,16.331944444444446
TK-253691,TK-254140,13.302777777777777
TK-252460,TK-252482,0.5680555555555555
TK-246589,TK-247119,13.965972222222222
TK-241629,TK-241663,1.1680555555555556
TK-241629,TK-241924,16.393055555555556
TK-241663,TK-241924,15.210416666666667
TK-241629,TK-241948,17.144444444444446
TK-241663,TK-241948,15.961805555555555
TK-241629,TK-242097,26.50486111111111
TK-241663,TK-242097,25.322222222222223
TK-241924,TK-242097,7.095138888888889
TK-241948,TK-242097,9.259027777777778
TK-240097,TK-240396,24.125694444444445
TK-240097,TK-240467,29.908333333333335
TK-240396,TK-240467,4.625694444444444
TK-240467,TK-240871,25.122222222222224
TK-243215,TK-243580,16.29513888888889
TK-250612,TK-251384,22.54513888888889
TK-245678,TK-246064,10.114583333333334
TK-247350,TK-248387,26.48125
TK-247491,TK-247552,1.4833333333333334
TK-247491,TK-247868,8.770833333333334
TK-247552,TK-247868,6.159722222222222
TK-247491,TK-248233,18.680555555555557
TK-247552,TK-248233,16.069444444444443
TK-247868,TK-248233,9.458333333333334
TK-242900,TK-243061,7.388194444444444
TK-244986,TK-245943,23.336111111111112
TK-249298,TK-249555,6.893055555555556
TK-240064,TK-240224,14.415277777777778
TK-244279,TK-244535,4.583333333333333
TK-244279,TK-245085,22.974305555555556
TK-244535,TK-245085,16.37638888888889
TK-244009,TK-244098,3.0493055555555557
TK-240895,TK-241146,15.197222222222223
TK-253048,TK-253822,20.55625
TK-252627,TK-253105,14.152777777777779
TK-241099,TK-241142,1.4840277777777777
TK-241099,TK-241307,10.7625
TK-241108,TK-241307,6.215277777777778
TK-241142,TK-241307,6.260416666666667
TK-253443,TK-254329,25.780555555555555
TK-254329,TK-254587,8.591666666666667
TK-247434,TK-248495,26.418055555555554
TK-248495,TK-249565,28.088194444444444
TK-242198,TK-242308,5.148611111111111
TK-248884,TK-249516,17.264583333333334
TK-249516,TK-250537,27.584722222222222
TK-241117,TK-241254,7.648611111111111
TK-240154,TK-240306,10.202083333333333
TK-243586,TK-243739,5.835416666666666
TK-243586,TK-243891,10.852083333333333
TK-243739,TK-243891,5.000694444444444
TK-243891,TK-244731,25.617361111111112
TK-253019,TK-253475,12.300694444444444
TK-246784,TK-246803,0.28194444444444444
TK-252411,TK-253273,25.999305555555555
TK-253089,TK-253747,14.45486111111111
TK-253089,TK-254030,23.652083333333334
TK-253747,TK-254030,9.171527777777778
TK-242739,TK-242910,9.438888888888888
TK-243080,TK-243300,11.061111111111112
TK-243080,TK-243536,21.90763888888889
TK-243300,TK-243536,10.838194444444444
TK-243300,TK-243749,19.349305555555556
TK-243536,TK-243749,7.478472222222222
TK-243749,TK-244645,27.346527777777776
TK-250009,TK-250146,4.165277777777778
TK-241031,TK-241073,2.1770833333333335
TK-244548,TK-244694,4.740972222222222
TK-242680,TK-242907,7.376388888888889
TK-243686,TK-244005,7.899305555555555
TK-246082,TK-246216,2.8159722222222223
TK-246082,TK-246323,6.232638888888889
TK-246216,TK-246323,3.3986111111111112
TK-246082,TK-246601,11.8375
TK-246216,TK-246601,9.003472222222221
TK-246323,TK-246601,4.475694444444445
TK-245716,TK-245887,4.179166666666666
TK-242235,TK-242752,16.2
TK-242752,TK-243258,27.327083333333334
TK-243258,TK-243578,13.186805555555555
TK-242130,TK-242649,28.29513888888889
TK-249201,TK-250071,24.097916666666666
TK-245604,TK-245699,2.092361111111111
TK-245604,TK-246171,14.284722222222221
TK-245699,TK-246171,12.165972222222223
TK-251656,TK-252676,28.29722222222222
TK-252697,TK-253084,13.13125
TK-240966,TK-240968,0.5506944444444445
TK-251448,TK-252249,22.505555555555556
TK-245206,TK-245453,7.429861111111111
TK-245453,TK-246480,25.757638888888888
TK-240498,TK-240920,25.019444444444446
TK-240920,TK-241102,9.23125
TK-249341,TK-250095,22.916666666666668
TK-253501,TK-254436,27.619444444444444
TK-248703,TK-249530,22.033333333333335
TK-249530,TK-249915,11.908333333333333
TK-249530,TK-250263,22.36875
TK-249915,TK-250263,10.415277777777778
TK-246002,TK-246856,21.351388888888888
TK-246002,TK-247019,25.67222222222222
TK-246856,TK-247019,4.298611111111111
TK-240426,TK-240555,8.956944444444444
TK-241405,TK-242023,29.238194444444446
TK-248129,TK-248597,12.807638888888889
TK-248597,TK-249559,25.097916666666666
TK-249559,TK-249770,4.122916666666667
TK-253945,TK-254058,3.7472222222222222
TK-253945,TK-254847,26.81875
TK-254058,TK-254847,18.04513888888889
TK-245954,TK-246037,1.9
TK-245954,TK-246289,8.250694444444445
TK-246037,TK-246289,6.334027777777778
TK-245954,TK-247010,26.340972222222224
TK-246037,TK-247010,24.424305555555556
TK-246289,TK-247010,18.070833333333333
TK-246037,TK-247235,29.618055555555557
TK-246289,TK-247235,23.264583333333334
TK-247010,TK-247235,3.176388888888889
TK-247010,TK-247647,13.198611111111111
TK-247235,TK-247647,9.931944444444444
TK-246006,TK-246754,6.425
TK-249570,TK-249587,0.27708333333333335
TK-249570,TK-249703,3.7083333333333335
TK-249587,TK-249703,3.3354166666666667
TK-249570,TK-249833,7.916666666666667
TK-249587,TK-249833,7.54375
TK-249703,TK-249833,3.1902777777777778
TK-252428,TK-252573,3.7784722222222222
TK-252428,TK-253100,21.174305555555556
TK-252573,TK-253100,17.266666666666666
TK-253100,TK-253965,23.584027777777777
TK-253100,TK-254114,28.194444444444443
TK-253965,TK-254114,4.553472222222222
TK-253965,TK-254711,22.772222222222222
TK-254114,TK-254711,18.20138888888889
TK-249701,TK-249846,1.5875
TK-242990,TK-243304,16.527083333333334
TK-243304,TK-243607,11.991666666666667
TK-251974,TK-252921,27.519444444444446
TK-249219,TK-250050,25.06597222222222
TK-248352,TK-248505,4.8277777777777775
TK-248352,TK-248523,5.544444444444444
TK-248505,TK-248523,0.6576388888888889
TK-246168,TK-246224,1.6583333333333334
TK-240489,TK-240590,7.677777777777778
TK-240489,TK-240626,9.67986111111111
TK-240590,TK-240626,1.9868055555555555
TK-240590,TK-241008,27.225694444444443
TK-240626,TK-241008,24.209722222222222
TK-244578,TK-244699,4.079861111111111
TK-244578,TK-244802,7.570833333333334
TK-244699,TK-244802,3.43125
TK-245967,TK-246378,10.274305555555555
TK-248438,TK-249024,15.046527777777778
TK-248490,TK-249024,15.644444444444444
TK-249961,TK-250096,3.886111111111111
TK-249639,TK-250289,20.34722222222222
TK-244529,TK-245059,17.77638888888889
TK-240115,TK-240431,25.395833333333332
TK-240392,TK-240432,1.148611111111111
TK-240392,TK-240480,4.4319444444444445
TK-240432,TK-240480,3.270138888888889
TK-240392,TK-240503,5.636805555555555
TK-240432,TK-240503,4.475
TK-240480,TK-240503,1.1784722222222221
TK-251791,TK-251992,5.169444444444444
TK-251992,TK-253133,29.53611111111111
TK-254345,TK-254734,12.209722222222222
TK-243726,TK-243776,1.9465277777777779
TK-243726,TK-243906,5.844444444444444
TK-243776,TK-243906,3.890277777777778
TK-249862,TK-250330,15.020138888888889
TK-250330,TK-251189,24.113888888888887
TK-245438,TK-245540,2.8368055555555554
TK-253514,TK-253873,10.170833333333333
TK-241898,TK-242142,14.25
TK-253699,TK-254507,24.214583333333334
TK-253352,TK-254235,22.6875
TK-253372,TK-254235,24.06111111111111
TK-246365,TK-247590,28.169444444444444
TK-250368,TK-250829,9.493055555555555
TK-245837,TK-246105,1.8340277777777778
TK-253395,TK-254328,27.156944444444445
TK-251096,TK-251220,3.54375
TK-251096,TK-251415,8.94375
TK-251220,TK-251415,5.386111111111111
TK-251096,TK-251738,18.79513888888889
TK-251220,TK-251738,15.2375
TK-251415,TK-251738,9.801388888888889
TK-248894,TK-249751,24.569444444444443
TK-250287,TK-250954,19.19097222222222
TK-250287,TK-251054,22.09722222222222
TK-250287,TK-251248,27.37152777777778
TK-250954,TK-251248,3.1638888888888888
TK-251054,TK-251248,5.174305555555556
TK-253353,TK-253399,0.9597222222222223
TK-253353,TK-254161,23.55902777777778
TK-253399,TK-254161,19.575694444444444
TK-251271,TK-251906,19.039583333333333
TK-251906,TK-252975,19.584722222222222
TK-247922,TK-248650,20.177083333333332
TK-251692,TK-252489,22.141666666666666
TK-252489,TK-252897,12.838194444444444
TK-249426,TK-250430,29.508333333333333
TK-240394,TK-240531,8.247222222222222
TK-240394,TK-240763,25.045833333333334
TK-240531,TK-240763,13.5
TK-240763,TK-241247,24.064583333333335
TK-243376,TK-243657,12.20625
TK-243376,TK-243806,17.072916666666668
TK-243657,TK-243806,4.768055555555556
TK-243376,TK-243862,19.122916666666665
TK-243657,TK-243862,6.8180555555555555
TK-243806,TK-243862,0.9451388888888889
TK-250151,TK-250427,8.236805555555556
TK-246691,TK-247953,18.406944444444445
TK-247953,TK-248544,15.534027777777778
TK-240852,TK-240937,4.624305555555556
TK-248624,TK-248896,7.302777777777778
TK-248624,TK-249156,14.761111111111111
TK-248896,TK-249156,7.377777777777778
TK-249156,TK-250106,28.156944444444445
TK-251332,TK-251427,2.859722222222222
TK-251332,TK-251780,13.375694444444445
TK-251427,TK-251780,10.453472222222222
TK-253240,TK-253944,18.331944444444446
TK-240441,TK-240848,27.202083333333334
TK-241536,TK-241563,1.0694444444444444
TK-247944,TK-248403,3.579861111111111
TK-241446,TK-241806,20.176388888888887
TK-249258,TK-249669,11.899305555555555
TK-251373,TK-251507,1.0798611111111112
TK-251507,TK-252654,27.450694444444444
TK-241541,TK-241625,3.970833333333333
TK-241541,TK-241829,14.611805555555556
TK-241625,TK-241829,10.611805555555556
TK-249042,TK-249850,23.042361111111113
TK-252529,TK-252914,10.192361111111111
TK-245151,TK-245249,3.329861111111111
TK-245151,TK-246113,27.124305555555555
TK-245249,TK-246113,21.761111111111113
TK-246375,TK-247178,19.480555555555554
TK-250489,TK-251229,21.013194444444444
TK-247646,TK-248667,15.495833333333334
TK-248667,TK-249420,21.653472222222224
TK-251207,TK-251479,8.194444444444445
TK-253217,TK-253508,6.7
TK-253217,TK-253850,15.952777777777778
TK-253508,TK-253850,5.967361111111111
TK-243744,TK-243958,7.048611111111111
TK-241047,TK-241225,10.470138888888888
TK-241225,TK-241752,28.398611111111112
TK-248284,TK-249593,25.32847222222222
TK-243177,TK-243876,29.40972222222222
TK-240888,TK-241184,17.591666666666665
TK-240894,TK-241184,18.0875
TK-243480,TK-243654,8.052777777777777
TK-243480,TK-243693,9.26388888888889
TK-243654,TK-243693,1.1965277777777779
TK-240288,TK-240674,28.600694444444443
TK-240674,TK-240797,8.414583333333333
TK-240674,TK-240970,18.955555555555556
TK-240797,TK-240970,10.51736111111111
TK-248922,TK-249670,21.380555555555556
TK-251806,TK-252730,25.516666666666666
TK-252730,TK-252919,6.375
TK-252730,TK-253045,11.026388888888889
TK-252919,TK-253045,4.553472222222222
TK-244383,TK-245258,27.00138888888889
TK-246200,TK-247079,22.34375
TK-240477,TK-240683,14.628472222222221
TK-241985,TK-242283,9.046527777777778
TK-241985,TK-242554,24.45486111111111
TK-242283,TK-242554,1.3555555555555556
TK-242447,TK-242661,11.748611111111112
TK-249547,TK-249934,11.988194444444444
TK-243377,TK-243537,6.920833333333333
TK-251399,TK-252344,26.115972222222222
TK-244222,TK-244271,1.7652777777777777
TK-247264,TK-247493,3.673611111111111
TK-244483,TK-244743,5.0159722222222225
TK-246669,TK-246725,0.9715277777777778
TK-246669,TK-246832,3.9618055555555554
TK-246725,TK-246832,2.9805555555555556
TK-246832,TK-248028,29.520833333333332
TK-254551,TK-254806,7.138888888888889
TK-243834,TK-244073,7.954166666666667
TK-243834,TK-244571,23.971527777777776
TK-244073,TK-244571,16.000694444444445
TK-251107,TK-252055,27.23402777777778
TK-248239,TK-248380,4.071527777777778
TK-248239,TK-248815,16.85
TK-248380,TK-248815,12.7625
TK-248380,TK-249354,28.169444444444444
TK-248815,TK-249354,14.190972222222221
TK-248815,TK-249562,20.184722222222224
TK-249354,TK-249562,4.752777777777778
TK-248815,TK-249760,25.856944444444444
TK-249354,TK-249760,10.425
TK-249562,TK-249760,5.519444444444445
TK-249354,TK-250240,25.70138888888889
TK-249562,TK-250240,20.795833333333334
TK-249760,TK-250240,15.096527777777778
TK-250240,TK-250773,15.405555555555555
TK-240635,TK-241138,26.428472222222222
TK-241138,TK-241575,23.874305555555555
TK-246079,TK-247108,25.84027777777778
TK-242201,TK-242440,12.75763888888889
TK-243299,TK-244045,29.309722222222224
TK-244636,TK-244993,12.545833333333333
TK-244993,TK-245966,28.49513888888889
TK-250599,TK-250607,0.21666666666666667
TK-253185,TK-253648,11.985416666666667
TK-253648,TK-254254,18.294444444444444
TK-241374,TK-241595,13.775694444444444
TK-246135,TK-246804,16.311805555555555
TK-253980,TK-254662,21.156944444444445
TK-253980,TK-254742,23.181944444444444
TK-254662,TK-254742,2.0076388888888888
TK-248766,TK-249429,19.291666666666668
TK-244852,TK-245363,17.570138888888888
TK-240422,TK-240745,17.863888888888887
TK-240745,TK-241088,18.35625
TK-240745,TK-241204,25.57986111111111
TK-241088,TK-241204,7.064583333333333
TK-250604,TK-250962,10.83611111111111
TK-250604,TK-251206,17.333333333333332
TK-250962,TK-251206,6.481944444444444
TK-243378,TK-243784,16.4125
TK-241957,TK-242171,13.091666666666667
TK-244372,TK-244402,1.0472222222222223
TK-245400,TK-245729,7.7652777777777775
TK-245400,TK-246314,23.33125
TK-245729,TK-246314,7.520138888888889
TK-240840,TK-241292,26.09027777777778
TK-241292,TK-241483,12.254166666666666
TK-243719,TK-244188,11.053472222222222
TK-243719,TK-244325,15.763194444444444
TK-244188,TK-244325,4.686805555555556
TK-241209,TK-241701,28.12013888888889
TK-249269,TK-249292,0.7826388888888889
TK-248912,TK-249119,4.8180555555555555
TK-248912,TK-249743,22.431944444444444
TK-249119,TK-249743,17.56388888888889
TK-249100,TK-249578,13.68125
TK-249425,TK-249707,7.315972222222222
TK-252882,TK-252977,3.404166666666667
TK-252080,TK-252284,5.4527777777777775
TK-244371,TK-244474,3.329861111111111
TK-245288,TK-245366,2.770138888888889
TK-245288,TK-245721,12.66875
TK-245366,TK-245721,9.782638888888888
TK-243622,TK-244239,21.169444444444444
TK-249402,TK-250088,20.893055555555556
TK-241187,TK-241469,17.06111111111111
TK-244870,TK-245126,8.765277777777778
TK-250062,TK-250108,1.0347222222222223
TK-247823,TK-248165,9.33611111111111
TK-247823,TK-248792,27.12847222222222
TK-248165,TK-248792,16.691666666666666
TK-252091,TK-253030,28.57847222222222
TK-253030,TK-253493,12.141666666666667
TK-249521,TK-249686,4.239583333333333
TK-249521,TK-249939,12.5125
TK-249686,TK-249939,8.233333333333333
TK-249939,TK-250767,22.33125
TK-246156,TK-246490,8.297222222222222
TK-241844,TK-242350,19.57777777777778
TK-241594,TK-242172,29.533333333333335
TK-240366,TK-240592,17.100694444444443
TK-248152,TK-248462,8.85138888888889
TK-243175,TK-243699,23.459722222222222
TK-251335,TK-251351,0.3145833333333333
TK-251335,TK-251578,7.831944444444445
TK-251351,TK-251578,7.498611111111111
TK-251335,TK-252164,24.06597222222222
TK-251351,TK-252164,23.73263888888889
TK-251578,TK-252164,16.213194444444444
TK-249106,TK-249662,15.467361111111112
TK-249106,TK-249842,20.969444444444445
TK-249662,TK-249842,5.455555555555556
TK-243241,TK-243335,4.418055555555555
TK-250455,TK-250984,14.957638888888889
TK-250984,TK-251503,15.084027777777777
TK-242972,TK-243354,20.550694444444446
TK-242512,TK-243002,25.520833333333332
TK-243002,TK-243416,16.209027777777777
TK-243966,TK-244477,16.464583333333334
TK-242777,TK-242860,5.575694444444444
TK-240179,TK-240406,18.005555555555556
TK-251387,TK-251624,7.0875
TK-251387,TK-251972,17.106944444444444
TK-251624,TK-251972,9.290972222222223
TK-241383,TK-241849,21.573611111111113
TK-241383,TK-241870,22.57638888888889
TK-245348,TK-245412,1.9986111111111111
TK-245412,TK-246605,25.353472222222223
TK-246683,TK-246806,3.1118055555555557
TK-249085,TK-249855,22.09236111111111
TK-249855,TK-250801,28.0875
TK-253703,TK-254115,12.19513888888889
TK-250032,TK-250666,17.219444444444445
TK-242748,TK-242806,2.9652777777777777
TK-242748,TK-243179,25.31597222222222
TK-242806,TK-243179,22.27638888888889
TK-242527,TK-242775,13.270138888888889
TK-242527,TK-242838,17.331944444444446
TK-242775,TK-242838,4.027777777777778
TK-252896,TK-253180,9.003472222222221
TK-252345,TK-252435,2.8472222222222223
TK-244165,TK-244226,0.7895833333333333
TK-252666,TK-252702,1.4861111111111112
TK-252134,TK-252891,22.561805555555555
TK-250649,TK-250927,8.584722222222222
TK-250303,TK-251179,21.916666666666668
TK-251179,TK-251838,19.104166666666668
TK-252265,TK-252628,10.022916666666667
TK-252265,TK-252761,14.05486111111111
TK-252628,TK-252761,3.9611111111111112
TK-252456,TK-253101,20.89097222222222
TK-245272,TK-245488,4.032638888888889
TK-254757,TK-254813,1.2104166666666667
TK-241813,TK-241889,3.777083333333333
TK-241889,TK-242395,25.09236111111111
TK-242395,TK-242826,19.179166666666667
TK-251522,TK-251945,9.111805555555556
TK-247557,TK-248015,11.20138888888889
TK-247557,TK-248264,18.055555555555557
TK-248015,TK-248264,6.834027777777778
TK-248015,TK-249036,29.293055555555554
TK-248264,TK-249036,20.435416666666665
TK-249036,TK-249540,9.370833333333334
TK-243268,TK-243991,26.9875
TK-243272,TK-243991,28.51875
TK-241441,TK-241505,3.292361111111111
TK-245717,TK-245900,3.6243055555555554
TK-242281,TK-242453,6.379861111111111
TK-241251,TK-241359,5.985416666666667
TK-251884,TK-252692,22.40972222222222
TK-252692,TK-253162,14.323611111111111
TK-253162,TK-254128,25.424305555555556
TK-252365,TK-253027,21.103472222222223
TK-247769,TK-247830,0.1375
TK-247769,TK-248240,11.178472222222222
TK-247830,TK-248240,7.964583333333334
TK-253175,TK-254171,28.06736111111111
TK-254171,TK-254720,16.35625
TK-251148,TK-251257,0.79375
TK-251148,TK-251585,10.8875
TK-251257,TK-251585,8.06875
TK-251148,TK-252033,23.32638888888889
TK-251257,TK-252033,20.507638888888888
TK-251585,TK-252033,10.35
TK-250617,TK-250879,4.440277777777778
TK-242335,TK-242855,28.492361111111112
TK-250409,TK-251025,17.59236111111111
TK-253466,TK-253621,3.598611111111111
TK-248334,TK-248426,3.1458333333333335
TK-248901,TK-249818,26.292361111111113
TK-249818,TK-250780,28.89097222222222
TK-247431,TK-247668,4.235416666666667
TK-244281,TK-244775,15.630555555555556
TK-244281,TK-245145,28.095833333333335
TK-244775,TK-245145,10.438194444444445
TK-244775,TK-245612,24.933333333333334
TK-245145,TK-245612,9.185416666666667
TK-252949,TK-252967,0.6965277777777777
TK-252949,TK-253304,10.554166666666667
TK-252967,TK-253304,8.670833333333333
TK-252949,TK-253576,17.64097222222222
TK-252967,TK-253576,15.75763888888889
TK-253304,TK-253576,7.006944444444445
TK-253576,TK-254456,26.574305555555554
TK-251655,TK-251754,2.727777777777778
TK-251655,TK-252127,13.083333333333334
TK-251754,TK-252127,10.311805555555555
TK-251655,TK-252183,14.871527777777779
TK-251754,TK-252183,12.1
TK-252127,TK-252183,1.7791666666666666
TK-251664,TK-252531,24.022222222222222
TK-250076,TK-250224,4.572222222222222
TK-250076,TK-250346,8.747222222222222
TK-250224,TK-250346,4.167361111111111
TK-250533,TK-250590,1.070138888888889
TK-253457,TK-254035,15.685416666666667
TK-243633,TK-244393,25.608333333333334
TK-253299,TK-254088,20.596527777777776
TK-240921,TK-241367,26.583333333333332
TK-241302,TK-241465,10.688888888888888
TK-250193,TK-250719,14.064583333333333
TK-250719,TK-251748,29.091666666666665
TK-253904,TK-254142,4.448611111111111
TK-247250,TK-247364,3.21875
TK-242478,TK-242760,3.097916666666667
TK-250888,TK-251593,20.918055555555554
TK-251593,TK-252423,22.365277777777777
TK-252423,TK-253171,20.204166666666666
TK-240802,TK-241046,14.010416666666666
TK-250248,TK-250347,0.2013888888888889
TK-248570,TK-248969,12.209027777777777
TK-252174,TK-252301,3.1659722222222224
TK-245861,TK-246250,7.0625
TK-252520,TK-252601,2.254166666666667
TK-252520,TK-252646,3.535416666666667
TK-252601,TK-252646,1.25625
TK-252520,TK-252845,10.231944444444444
TK-252601,TK-252845,7.9527777777777775
TK-252646,TK-252845,6.670138888888889
TK-253808,TK-254794,20.420833333333334
TK-248531,TK-248836,8.383333333333333
TK-248531,TK-249533,28.864583333333332
TK-248836,TK-249533,15.470833333333333
TK-249510,TK-250401,26.948611111111113
TK-246609,TK-247518,23.136111111111113
TK-246609,TK-247732,28.025694444444444
TK-247518,TK-247732,4.865277777777778
TK-246182,TK-246704,9.415972222222223
TK-245264,TK-245526,8.24236111111111
TK-241669,TK-241977,16.002083333333335
TK-241669,TK-242011,18.0625
TK-241977,TK-242011,1.042361111111111
TK-248262,TK-248295,0.9673611111111111
TK-248262,TK-248536,7.965277777777778
TK-248295,TK-248536,5.9847222222222225
TK-248262,TK-249133,25.164583333333333
TK-248295,TK-249133,23.18402777777778
TK-248536,TK-249133,17.18125
TK-249133,TK-249614,13.76388888888889
TK-254637,TK-254708,2.001388888888889
TK-246771,TK-247775,19.430555555555557
TK-247454,TK-248578,29.084722222222222
TK-248578,TK-248627,0.32222222222222224
TK-248578,TK-248771,4.579166666666667
TK-248627,TK-248771,4.2243055555555555
TK-244536,TK-244632,1.9958333333333333
TK-253075,TK-253271,4.939583333333333
TK-253075,TK-253800,19.18402777777778
TK-253271,TK-253800,13.090277777777779
TK-254289,TK-254442,4.777083333333334
TK-245830,TK-246007,4.345833333333333
TK-251743,TK-251758,0.6305555555555555
TK-252002,TK-252866,12.775
TK-249047,TK-249520,13.536805555555556
TK-240266,TK-240386,8.91388888888889
TK-241734,TK-241872,7.7243055555555555
TK-253756,TK-254435,20.18402777777778
TK-253756,TK-254579,25.061805555555555
TK-254435,TK-254579,4.491666666666666
TK-248829,TK-249214,11.072916666666666
TK-243934,TK-244476,18.17152777777778
TK-244953,TK-245941,24.7375
TK-242927,TK-242946,1.1375
TK-249947,TK-251149,23.35972222222222
TK-250465,TK-251134,16.01388888888889
TK-243294,TK-243373,3.425
TK-243294,TK-243456,6.622222222222222
TK-243373,TK-243456,3.154166666666667
TK-250369,TK-251060,19.611805555555556
TK-251521,TK-252187,18.922916666666666
TK-251521,TK-252198,19.18125
TK-249901,TK-250621,16.393055555555556
TK-253036,TK-253789,19.974305555555556
TK-253036,TK-253937,24.59027777777778
TK-253789,TK-253937,4.573611111111111
TK-253036,TK-254027,28.16875
TK-253789,TK-254027,8.152083333333334
TK-253937,TK-254027,1.5652777777777778
TK-241644,TK-241753,5.477083333333334
TK-240356,TK-240382,1.9701388888888889
TK-249006,TK-249009,0.04583333333333333
TK-249006,TK-249989,29.204166666666666
TK-249009,TK-249989,29.136111111111113
TK-249989,TK-250159,4.738888888888889
TK-252911,TK-252933,0.6770833333333334
TK-250569,TK-251246,17.539583333333333
TK-251246,TK-252281,27.73125
TK-245335,TK-245709,10.306944444444444
TK-249978,TK-250940,28.104861111111113
TK-243003,TK-243434,21.408333333333335
TK-249763,TK-250726,26.160416666666666
TK-244296,TK-245167,28.45138888888889
TK-247774,TK-247980,5.279166666666667
TK-251557,TK-252185,17.775
TK-252185,TK-252864,8.077083333333333
TK-252148,TK-252360,5.6
TK-252152,TK-252360,2.609027777777778
TK-248693,TK-249664,27.37361111111111
TK-241421,TK-241667,13.29861111111111
TK-241421,TK-241719,16.81875
TK-241667,TK-241719,3.079861111111111
TK-243033,TK-243141,4.7243055555555555
TK-250981,TK-251240,6.232638888888889
TK-254481,TK-254610,4.059027777777778
TK-251031,TK-251561,14.211805555555555
TK-241664,TK-241731,3.890972222222222
TK-249898,TK-250683,23.24861111111111
TK-253165,TK-253976,22.099305555555556
TK-253976,TK-254472,15.342361111111112
TK-241171,TK-241198,1.2868055555555555
TK-241171,TK-241447,16.4125
TK-241198,TK-241447,15.097222222222221
TK-245856,TK-246742,21.271527777777777
TK-245291,TK-245848,15.755555555555556
TK-246022,TK-246087,1.4180555555555556
TK-245989,TK-246286,6.186111111111111
TK-246286,TK-247383,26.520138888888887
TK-248487,TK-248617,3.5083333333333333
TK-247041,TK-247274,5.615277777777778
TK-247324,TK-247847,12.572916666666666
TK-247324,TK-248192,22.097916666666666
TK-247847,TK-248192,9.501388888888888
TK-247847,TK-248838,27.976388888888888
TK-248192,TK-248838,18.447222222222223
TK-253485,TK-254085,15.852083333333333
TK-240090,TK-240346,18.31875
TK-247687,TK-247895,5.127777777777778
TK-240653,TK-240998,19.195138888888888
TK-252550,TK-252774,6.422916666666667
TK-252550,TK-252861,9.910416666666666
TK-250480,TK-251329,24.002083333333335
TK-244720,TK-245172,15.496527777777779
TK-244720,TK-245660,29.938194444444445
TK-245172,TK-245660,14.363888888888889
TK-245660,TK-246822,29.333333333333332
TK-243640,TK-243856,2.5840277777777776
TK-243691,TK-243856,5.626388888888889
TK-243640,TK-244423,21.573611111111113
TK-243691,TK-244423,24.615972222222222
TK-243856,TK-244423,18.968055555555555
TK-247166,TK-247554,6.553472222222222
TK-247166,TK-248411,29.02986111111111
TK-247554,TK-248411,21.386805555555554
TK-248411,TK-249403,28.533333333333335
TK-249433,TK-249929,15.07013888888889
TK-249929,TK-250750,24.1375
TK-249929,TK-250902,28.444444444444443
TK-250750,TK-250902,4.266666666666667
TK-250750,TK-251184,12.699305555555556
TK-250902,TK-251184,8.220833333333333
TK-247841,TK-248681,23.538194444444443
TK-247841,TK-248850,28.56875
TK-245517,TK-245592,2.207638888888889
TK-252923,TK-253149,7.429166666666666
TK-248051,TK-248084,0.8451388888888889
TK-248725,TK-248755,0.9493055555555555
TK-248725,TK-249518,23.250694444444445
TK-248755,TK-249518,22.258333333333333
TK-244532,TK-245021,14.063194444444445
TK-245886,TK-245928,1.1472222222222221
TK-245886,TK-246068,4.861805555555556
TK-245928,TK-246068,3.647222222222222
TK-245886,TK-246879,25.033333333333335
TK-245928,TK-246879,23.81875
TK-246068,TK-246879,20.06875
TK-248274,TK-249255,28.294444444444444
TK-249997,TK-250243,7.247222222222222
TK-243462,TK-244109,24.617361111111112
TK-244109,TK-244642,16.575694444444444
TK-244109,TK-244938,27.0
TK-244642,TK-244938,10.397222222222222
TK-251100,TK-251784,18.881944444444443
TK-245706,TK-246281,14.817361111111111
TK-246633,TK-246812,4.284027777777778
TK-252391,TK-253116,23.209722222222222
TK-245902,TK-246885,24.78125
TK-245902,TK-247047,29.1125
TK-246885,TK-247047,4.251388888888889
TK-246043,TK-246276,4.548611111111111
TK-248234,TK-249070,21.481944444444444
TK-252551,TK-253287,21.433333333333334
TK-242602,TK-242688,4.688194444444444
TK-242217,TK-242617,20.15486111111111
TK-242217,TK-242652,22.15486111111111
TK-242617,TK-242652,0.7548611111111111
TK-242217,TK-242710,25.259027777777778
TK-242617,TK-242710,3.859027777777778
TK-242652,TK-242710,3.0854166666666667
TK-246547,TK-246730,4.464583333333334
TK-246547,TK-246980,11.254861111111111
TK-246730,TK-246980,6.577083333333333
TK-249169,TK-250137,24.2375
TK-241373,TK-241417,3.329861111111111
TK-241373,TK-241657,16.48402777777778
TK-241417,TK-241657,13.105555555555556
TK-242123,TK-242160,1.742361111111111
TK-242483,TK-242722,12.339583333333334
TK-242483,TK-242867,20.69375
TK-242722,TK-242867,8.325694444444444
TK-241100,TK-241235,7.43125
TK-248724,TK-249356,18.196527777777778
TK-248724,TK-249560,24.108333333333334
TK-249356,TK-249560,5.60625
TK-248724,TK-249712,28.505555555555556
TK-249356,TK-249712,10.003472222222221
TK-249560,TK-249712,3.904166666666667
TK-249356,TK-249790,12.403472222222222
TK-249560,TK-249790,6.304166666666666
TK-249712,TK-249790,2.347916666666667
TK-243522,TK-244101,21.040972222222223
TK-247208,TK-247674,11.196527777777778
TK-247674,TK-248524,23.43888888888889
TK-250839,TK-251483,19.213194444444444
TK-244505,TK-245033,17.571527777777778
TK-245033,TK-245781,22.338194444444444
TK-245781,TK-246453,17.031944444444445
TK-246453,TK-247657,29.758333333333333
TK-245923,TK-246629,12.191666666666666
TK-252030,TK-252463,12.04375
TK-242690,TK-242753,2.9902777777777776
TK-242403,TK-242770,20.277083333333334
TK-245311,TK-245693,8.158333333333333
TK-245311,TK-245997,16.32638888888889
TK-245693,TK-245997,5.114583333333333
TK-246011,TK-246194,4.115277777777778
TK-240618,TK-240661,3.013888888888889
TK-240618,TK-240960,22.34722222222222
TK-240661,TK-240960,14.317361111111111
TK-240960,TK-241276,18.29722222222222
TK-252234,TK-253038,24.75138888888889
TK-250928,TK-251559,17.316666666666666
TK-248714,TK-249286,16.46736111111111
TK-251510,TK-251805,6.406944444444444
TK-244883,TK-244933,0.8138888888888889
TK-244708,TK-244980,9.154861111111112
TK-245760,TK-246671,19.863194444444446
TK-248670,TK-249427,21.52638888888889
TK-247153,TK-247296,3.45
TK-244781,TK-245594,26.477777777777778
TK-245594,TK-246106,13.13263888888889
TK-245594,TK-246733,28.441666666666666
TK-246106,TK-246733,15.282638888888888
TK-247526,TK-248144,15.704166666666667
TK-243985,TK-244398,13.825694444444444
TK-243985,TK-244877,29.179166666666667
TK-244398,TK-244877,15.340277777777779
TK-254160,TK-254177,0.30069444444444443
TK-241250,TK-241360,5.1194444444444445
TK-253151,TK-254056,25.800694444444446
TK-254266,TK-254476,1.85
TK-245349,TK-246451,25.958333333333332
TK-246829,TK-247609,14.129861111111111
TK-245231,TK-245611,9.490972222222222
TK-246991,TK-247837,20.068055555555556
TK-247837,TK-248733,25.068055555555556
TK-253825,TK-254682,21.61111111111111
TK-248154,TK-248772,12.375694444444445
TK-248154,TK-249181,24.072222222222223
TK-248772,TK-249181,3.4743055555555555
TK-246445,TK-247000,12.1
TK-246445,TK-247163,15.980555555555556
TK-247000,TK-247163,3.826388888888889
TK-250256,TK-250992,21.055555555555557
TK-247132,TK-247243,2.2881944444444446
TK-250600,TK-250744,3.2944444444444443
TK-253065,TK-253586,13.399305555555555
TK-248299,TK-248666,10.521527777777777
TK-252838,TK-253387,16.090972222222224
TK-251505,TK-252524,28.71875
TK-252524,TK-252824,8.261111111111111
TK-243507,TK-243933,15.860416666666667
TK-242969,TK-242999,2.56875
TK-241812,TK-241875,3.188888888888889
TK-242313,TK-242539,11.921527777777778
TK-251868,TK-252105,6.0784722222222225
TK-251868,TK-252574,19.572916666666668
TK-252105,TK-252574,13.478472222222223
TK-253764,TK-254068,9.0
TK-244220,TK-244873,18.64375
TK-244873,TK-245518,21.24861111111111
TK-244873,TK-245754,27.495833333333334
TK-245518,TK-245754,4.227777777777778
TK-249755,TK-250492,23.01597222222222
TK-250492,TK-250766,7.509722222222222
TK-248242,TK-249148,23.05763888888889
TK-243948,TK-244059,3.325
TK-243851,TK-244551,19.99513888888889
TK-243895,TK-244551,21.75
TK-246624,TK-247287,16.979861111111113
TK-246624,TK-247440,20.90972222222222
TK-247287,TK-247440,3.901388888888889
TK-246875,TK-247881,24.280555555555555
TK-245585,TK-246046,11.310416666666667
TK-245684,TK-245787,2.4930555555555554
TK-246128,TK-246242,3.0548611111111112
TK-244998,TK-245097,2.998611111111111
TK-244998,TK-245820,24.398611111111112
TK-245097,TK-245820,19.33888888888889
TK-242563,TK-242781,11.395138888888889
TK-244909,TK-245011,3.2395833333333335
TK-250511,TK-250821,7.31875
TK-248391,TK-248673,7.768055555555556
TK-254158,TK-254782,18.1
TK-246880,TK-247805,22.383333333333333
TK-241324,TK-241661,17.950694444444444
TK-252095,TK-252540,11.30486111111111
TK-246053,TK-246620,13.1875
TK-254061,TK-254833,22.40138888888889
TK-252955,TK-253478,14.609722222222222
TK-252955,TK-253742,22.125
TK-253478,TK-253742,5.449305555555555
TK-241286,TK-241645,21.447916666666668
TK-252971,TK-253094,1.601388888888889
TK-248809,TK-249001,5.85625
TK-248809,TK-249641,24.093055555555555
TK-249001,TK-249641,13.220138888888888
TK-245466,TK-245810,9.136805555555556
TK-241705,TK-242216,29.0125
TK-253826,TK-254516,20.56597222222222
TK-251333,TK-251511,3.9090277777777778
TK-251333,TK-251565,5.329861111111111
TK-251511,TK-251565,1.3875
TK-248820,TK-249166,9.895833333333334
TK-253883,TK-254863,29.184722222222224
TK-243944,TK-243982,1.3569444444444445
TK-243944,TK-244164,8.013194444444444
TK-243982,TK-244164,6.5055555555555555
TK-243944,TK-244282,11.590972222222222
TK-243982,TK-244282,10.083333333333334
TK-240574,TK-240736,10.793055555555556
TK-240574,TK-240790,14.908333333333333
TK-240736,TK-240790,4.092361111111111
TK-254202,TK-254403,5.957638888888889
TK-247638,TK-248208,14.425694444444444
TK-240249,TK-240354,2.870833333333333
TK-240249,TK-240677,26.949305555555554
TK-240354,TK-240677,24.06111111111111
TK-241811,TK-242100,10.944444444444445
TK-241458,TK-241928,21.411805555555556
TK-251277,TK-251647,11.528472222222222
TK-254344,TK-254692,11.234722222222222
TK-245762,TK-245822,0.5979166666666667
TK-246360,TK-246555,4.483333333333333
TK-246555,TK-247701,26.214583333333334
TK-247701,TK-248371,18.02638888888889
TK-249856,TK-249972,2.9298611111111112
TK-249856,TK-250184,9.109722222222222
TK-249972,TK-250184,4.166666666666667
TK-252332,TK-252452,3.2583333333333333
TK-252332,TK-253194,26.600694444444443
TK-252452,TK-253194,23.285416666666666
TK-251171,TK-252012,24.27986111111111
TK-252012,TK-252564,15.204166666666667
TK-254630,TK-254844,5.586111111111111
TK-240044,TK-240181,11.533333333333333
TK-240044,TK-240347,24.846527777777776
TK-240181,TK-240347,13.125694444444445
TK-240347,TK-240594,18.301388888888887
TK-240720,TK-240726,0.175
TK-240720,TK-240798,5.583333333333333
TK-240726,TK-240798,3.348611111111111
TK-247424,TK-248168,10.299305555555556
TK-247522,TK-248168,16.40625
TK-247424,TK-248854,29.791666666666668
TK-248168,TK-248854,19.45277777777778
TK-249004,TK-249868,24.01527777777778
TK-242914,TK-243232,18.589583333333334
TK-243232,TK-243515,13.282638888888888
TK-243954,TK-244004,1.9208333333333334
TK-246940,TK-247621,14.920833333333333
TK-249590,TK-250139,17.146527777777777
TK-245996,TK-246511,12.684722222222222
TK-246511,TK-247482,24.134722222222223
TK-247482,TK-248634,25.215972222222224
TK-247860,TK-248345,10.965277777777779
TK-242612,TK-242715,4.497222222222222
TK-246058,TK-247128,26.53125
TK-247128,TK-248073,23.47222222222222
TK-245813,TK-246012,5.561111111111111
TK-247072,TK-247092,0.5972222222222222
TK-249299,TK-249482,5.207638888888889
TK-240055,TK-240080,0.0798611111111111
TK-240065,TK-240080,0.24861111111111112
TK-243553,TK-243795,9.58611111111111
TK-248804,TK-248965,5.278472222222222
TK-243528,TK-244112,21.564583333333335
TK-251705,TK-252681,26.54722222222222
TK-253989,TK-254517,13.015277777777778
TK-254337,TK-254786,8.422916666666667
TK-244634,TK-245026,13.561805555555555
TK-250656,TK-250933,8.59375
TK-242274,TK-242799,28.385416666666668
TK-241952,TK-242035,3.9583333333333335
TK-251760,TK-251902,4.008333333333334
TK-240476,TK-240673,14.192361111111111
TK-241190,TK-241264,3.4618055555555554
TK-240107,TK-240204,9.015277777777778
TK-241158,TK-241426,16.179166666666667
TK-246152,TK-246349,5.154861111111111
TK-246152,TK-246782,15.681944444444444
TK-246349,TK-246782,10.356944444444444
TK-242765,TK-243073,18.31875
TK-242765,TK-243187,24.851388888888888
TK-243073,TK-243187,5.4215277777777775
TK-252843,TK-252996,4.4319444444444445
TK-246129,TK-246384,6.552777777777778
TK-248401,TK-248756,10.197916666666666
TK-244320,TK-244967,21.051388888888887
TK-245904,TK-246696,18.3
TK-249864,TK-250235,8.456944444444444
TK-249864,TK-250491,16.2
TK-250235,TK-250491,7.713888888888889
TK-251516,TK-252437,26.108333333333334
TK-243730,TK-244077,11.301388888888889
TK-244432,TK-245143,21.420833333333334
TK-243068,TK-243716,27.860416666666666
TK-246616,TK-246764,4.154166666666667
TK-246616,TK-247325,18.002083333333335
TK-246764,TK-247325,13.83125
TK-248148,TK-248616,12.953472222222222
TK-251776,TK-252399,17.603472222222223
TK-247853,TK-248150,6.091666666666667
TK-247853,TK-248402,13.109722222222222
TK-248150,TK-248402,3.9652777777777777
TK-248150,TK-249149,25.330555555555556
TK-248402,TK-249149,21.34722222222222
TK-241219,TK-241474,16.016666666666666
TK-247889,TK-248029,3.8625
TK-246920,TK-247020,2.722916666666667
TK-249396,TK-249409,0.23333333333333334
TK-249396,TK-249412,0.3416666666666667
TK-250918,TK-251102,3.338888888888889
TK-249217,TK-250097,26.50347222222222
TK-250097,TK-250499,11.825694444444444
TK-250499,TK-251800,25.60902777777778
TK-246561,TK-246655,2.122916666666667
TK-246561,TK-247370,20.605555555555554
TK-246655,TK-247370,18.45625
TK-243489,TK-243624,6.56875
TK-252328,TK-252602,2.386111111111111
TK-252240,TK-253039,24.617361111111112
TK-253039,TK-254067,29.053472222222222
TK-254067,TK-254219,4.354861111111111
TK-248694,TK-249112,12.254166666666666
TK-248694,TK-249398,20.566666666666666
TK-249112,TK-249398,8.067361111111111
TK-244338,TK-244524,5.3590277777777775
TK-252769,TK-252918,5.155555555555556
TK-241690,TK-241712,1.0763888888888888
TK-241690,TK-241998,16.933333333333334
TK-241712,TK-241998,15.832638888888889
TK-254026,TK-254093,1.6229166666666666
TK-241772,TK-241927,9.096527777777778
TK-242534,TK-242711,8.63125
TK-242711,TK-243079,20.327083333333334
TK-243079,TK-243619,25.772916666666667
TK-244173,TK-244495,7.115277777777778
TK-244234,TK-244495,8.049305555555556
TK-246080,TK-246484,9.929166666666667
TK-245124,TK-245960,24.293055555555554
TK-252738,TK-253022,8.886111111111111
TK-252738,TK-253329,17.40486111111111
TK-253022,TK-253329,8.508333333333333
TK-246148,TK-246296,2.71875
TK-246148,TK-246534,8.015972222222222
TK-246296,TK-246534,5.129166666666666
TK-247746,TK-248136,10.442361111111111
TK-247746,TK-248397,17.676388888888887
TK-248136,TK-248397,7.197916666666667
TK-249758,TK-250117,11.702777777777778
TK-249758,TK-250615,26.00486111111111
TK-250117,TK-250615,11.279861111111112
TK-245621,TK-246040,11.055555555555555
TK-247035,TK-247759,17.069444444444443
TK-247035,TK-248171,28.354166666666668
TK-247759,TK-248171,6.247916666666667
TK-247759,TK-248636,19.115277777777777
TK-248171,TK-248636,12.839583333333334
TK-248636,TK-249245,14.422222222222222
TK-248636,TK-249497,21.955555555555556
TK-249245,TK-249497,6.425
TK-244407,TK-245060,18.461111111111112
TK-252498,TK-252895,10.622222222222222
TK-244157,TK-244374,5.595833333333333
TK-245240,TK-246197,25.911805555555556
TK-243108,TK-243219,5.976388888888889
TK-251127,TK-251383,7.2
TK-241230,TK-241709,27.903472222222224
TK-240820,TK-240823,0.08125
TK-240820,TK-241135,18.272916666666667
TK-240823,TK-241135,15.174305555555556
TK-249097,TK-249737,18.06111111111111
TK-249737,TK-250539,24.897222222222222
TK-251089,TK-251537,13.202083333333333
TK-245389,TK-245737,6.373611111111111
TK-245389,TK-245814,8.45138888888889
TK-245737,TK-245814,2.0375
TK-253016,TK-253790,21.20347222222222
TK-243840,TK-244097,9.00763888888889
TK-241551,TK-241742,9.10763888888889
TK-247385,TK-247897,9.122222222222222
TK-247337,TK-247404,1.8833333333333333
TK-252090,TK-252231,4.05625
TK-251015,TK-251358,9.603472222222223
TK-247155,TK-247938,19.033333333333335
TK-243667,TK-243720,1.198611111111111
TK-243667,TK-243731,1.9152777777777779
TK-243720,TK-243731,0.6013888888888889
TK-243667,TK-243907,7.290277777777778
TK-243720,TK-243907,5.976388888888889
TK-243731,TK-243907,5.310416666666667
TK-243720,TK-244606,29.041666666666668
TK-243731,TK-244606,28.375694444444445
TK-243907,TK-244606,20.002083333333335
TK-241119,TK-241125,0.46805555555555556
TK-241119,TK-241267,8.278472222222222
TK-241125,TK-241267,7.798611111111111
TK-248846,TK-249753,26.03125
TK-247697,TK-248120,11.219444444444445
TK-250997,TK-251915,21.54513888888889
TK-248476,TK-249455,28.330555555555556
TK-249455,TK-249926,14.425
TK-249926,TK-250667,21.604166666666668
TK-243859,TK-244356,16.672916666666666
TK-253046,TK-254046,23.504166666666666
TK-244836,TK-245178,12.065277777777778
TK-241686,TK-242087,23.52777777777778
TK-241157,TK-241655,27.127083333333335
TK-240294,TK-240623,23.99513888888889
TK-253297,TK-253925,14.084027777777777
TK-244201,TK-244499,4.320833333333334
TK-244201,TK-244668,9.5125
TK-244499,TK-244668,5.127777777777778
TK-244201,TK-245020,21.54375
TK-244499,TK-245020,17.159027777777776
TK-244668,TK-245020,7.007638888888889
TK-251602,TK-252199,16.913194444444443
TK-248217,TK-248979,22.375
TK-244217,TK-244341,3.879166666666667
TK-244965,TK-245229,8.581944444444444
TK-253384,TK-253772,5.7875
TK-253384,TK-253919,10.097916666666666
TK-252802,TK-252855,1.6277777777777778
TK-252715,TK-253064,6.842361111111111
TK-252802,TK-253064,8.803472222222222
TK-252855,TK-253064,7.147916666666666
TK-246682,TK-247808,25.777083333333334
TK-246682,TK-247912,28.441666666666666
TK-247808,TK-247912,2.6430555555555557
TK-241129,TK-241301,4.38125
TK-247341,TK-247486,3.5597222222222222
TK-249690,TK-249941,8.182638888888889
TK-249690,TK-250049,11.746527777777779
TK-249941,TK-250049,3.40625
TK-245686,TK-246531,21.29722222222222
TK-242053,TK-242190,7.115972222222222
TK-241933,TK-242145,12.629861111111111
TK-247060,TK-247401,8.199305555555556
TK-247401,TK-248321,23.259722222222223
TK-250182,TK-250281,2.1993055555555556
TK-250182,TK-250341,4.229166666666667
TK-250281,TK-250341,1.9368055555555554
TK-250182,TK-251047,24.472916666666666
TK-250281,TK-251047,22.180555555555557
TK-250341,TK-251047,20.225
TK-249899,TK-250685,22.274305555555557
TK-250685,TK-250993,8.183333333333334
TK-253806,TK-254255,10.48263888888889
TK-245901,TK-245953,1.7819444444444446
TK-247967,TK-248330,9.906944444444445
TK-240990,TK-241181,11.611805555555556
TK-247238,TK-248089,20.99652777777778
TK-247475,TK-248077,9.623611111111112
TK-247608,TK-248077,7.0125
TK-252880,TK-253430,15.9125
TK-252190,TK-252369,4.690972222222222
TK-252190,TK-252875,20.040277777777778
TK-252369,TK-252875,15.315277777777778
TK-242187,TK-242556,20.4375
TK-253872,TK-254781,26.897916666666667
TK-248976,TK-249881,26.054166666666667
TK-241111,TK-241145,0.8881944444444444
TK-241111,TK-241149,1.1201388888888888
TK-246391,TK-246898,12.765277777777778
TK-246391,TK-246992,15.18125
TK-246898,TK-246992,2.388888888888889
TK-246898,TK-248093,29.507638888888888
TK-246992,TK-248093,27.04722222222222
TK-240939,TK-241103,8.04513888888889
TK-240950,TK-241103,8.32986111111111
TK-240939,TK-241321,20.238194444444446
TK-240950,TK-241321,20.522916666666667
TK-241103,TK-241321,12.166666666666666
TK-244301,TK-244721,13.110416666666667
TK-247387,TK-247489,2.2993055555555557
TK-251571,TK-251890,4.26875
TK-248872,TK-249052,5.30625
TK-251586,TK-252504,20.31111111111111
TK-241403,TK-241725,18.340972222222224
TK-247437,TK-247567,1.8777777777777778
TK-247437,TK-248491,26.174305555555556
TK-247567,TK-248491,24.270138888888887
TK-248491,TK-248953,14.247222222222222
TK-246893,TK-246983,2.5861111111111112
TK-248679,TK-249444,13.240972222222222
TK-253296,TK-254084,22.82777777777778
TK-246569,TK-246848,6.319444444444445
TK-247714,TK-248465,20.366666666666667
TK-247714,TK-248558,22.57986111111111
TK-248465,TK-248558,2.2006944444444443
TK-243385,TK-243512,5.1194444444444445
TK-243385,TK-243617,10.050694444444444
TK-243512,TK-243617,2.897222222222222
TK-243385,TK-243786,16.236805555555556
TK-243512,TK-243786,9.083333333333334
TK-243617,TK-243786,6.142361111111111
TK-240017,TK-240167,11.636111111111111
TK-240017,TK-240243,19.040972222222223
TK-240167,TK-240243,7.378472222222222
TK-240017,TK-240373,28.85
TK-240167,TK-240373,17.1875
TK-240243,TK-240373,9.729861111111111
TK-240167,TK-240475,24.952083333333334
TK-240243,TK-240475,17.494444444444444
TK-240373,TK-240475,6.683333333333334
TK-248556,TK-248877,9.645833333333334
TK-252448,TK-252476,0.6680555555555555
TK-252448,TK-252793,10.103472222222223
TK-252476,TK-252793,4.418055555555555
TK-252448,TK-252851,12.373611111111112
TK-252476,TK-252851,6.688194444444444
TK-252793,TK-252851,1.2555555555555555
TK-252476,TK-253589,27.780555555555555
TK-252793,TK-253589,22.347916666666666
TK-252851,TK-253589,19.68611111111111
TK-244117,TK-244326,6.9625
TK-244117,TK-244426,10.027777777777779
TK-244326,TK-244426,3.047222222222222
TK-244117,TK-245005,29.155555555555555
TK-244326,TK-245005,22.175
TK-248508,TK-249394,25.45
TK-245502,TK-246051,14.572222222222223
TK-253770,TK-254641,25.617361111111112
TK-245802,TK-246400,12.216666666666667
TK-241183,TK-241759,29.95625
TK-252616,TK-252893,9.009027777777778
TK-252373,TK-252688,8.954166666666667
TK-252688,TK-253403,16.560416666666665
TK-253403,TK-254079,19.127777777777776
TK-251856,TK-251971,3.0104166666666665
TK-243468,TK-243875,15.980555555555556
TK-245334,TK-245794,12.804166666666667
TK-243506,TK-243529,1.0597222222222222
TK-240246,TK-240513,17.274305555555557
TK-250517,TK-251242,20.39097222222222
TK-241223,TK-241588,14.154861111111112
TK-241223,TK-241826,26.75138888888889
TK-241588,TK-241826,10.195833333333333
TK-241256,TK-241642,20.435416666666665
TK-240515,TK-240638,9.795833333333333
TK-252016,TK-253006,24.386805555555554
TK-253006,TK-253684,19.34861111111111
TK-253684,TK-254502,22.60902777777778
TK-247653,TK-248700,28.36111111111111
TK-248291,TK-249034,21.443055555555556
TK-253958,TK-254104,2.8625
TK-252784,TK-253003,2.303472222222222
TK-248538,TK-248940,11.106944444444444
TK-248538,TK-249569,28.81597222222222
TK-248940,TK-249569,17.585416666666667
TK-248940,TK-249788,23.92361111111111
TK-249569,TK-249788,5.102777777777778
TK-244278,TK-244471,5.888194444444444
TK-244278,TK-244522,7.225694444444445
TK-244471,TK-244522,1.3229166666666667
TK-244278,TK-245095,26.618055555555557
TK-244471,TK-245095,20.71527777777778
TK-244522,TK-245095,19.3
TK-244932,TK-245734,23.00625
TK-249890,TK-250761,26.061805555555555
TK-250761,TK-250926,5.009722222222222
TK-250761,TK-251407,18.652083333333334
TK-250926,TK-251407,13.611805555555556
TK-250717,TK-251151,12.972916666666666
TK-252295,TK-252432,4.168055555555555
TK-252295,TK-253025,23.04375
TK-252432,TK-253025,18.774305555555557
TK-252295,TK-253284,29.738194444444446
TK-252432,TK-253284,25.46875
TK-253025,TK-253284,5.422916666666667
TK-240237,TK-240339,7.666666666666667
TK-252158,TK-252352,5.290277777777778
TK-253701,TK-254666,29.254166666666666
TK-253702,TK-254666,29.230555555555554
TK-244888,TK-245507,19.991666666666667
TK-246410,TK-246641,5.591666666666667
TK-246410,TK-247599,29.461111111111112
TK-246641,TK-247599,23.829166666666666
TK-253435,TK-254302,25.59375
TK-243956,TK-244156,7.186805555555556
TK-253354,TK-254040,15.33611111111111
TK-250105,TK-250167,1.507638888888889
TK-250410,TK-251118,17.07986111111111
TK-254293,TK-254796,12.553472222222222
TK-240682,TK-240995,19.815277777777776
TK-250536,TK-251425,25.310416666666665
TK-251425,TK-251616,3.06875
TK-244264,TK-244576,8.211805555555555
TK-244273,TK-244576,8.889583333333333
TK-253623,TK-254533,27.29375
TK-252022,TK-252279,7.072916666666667
TK-246838,TK-247677,20.259722222222223
TK-247677,TK-248450,21.074305555555554
TK-248450,TK-249464,29.27638888888889
TK-241996,TK-242254,15.2625
TK-241996,TK-242326,18.552777777777777
TK-242254,TK-242326,3.2444444444444445
TK-245932,TK-246098,4.1506944444444445
TK-247094,TK-247446,8.386111111111111
TK-247094,TK-247515,10.080555555555556
TK-247446,TK-247515,1.625
TK-249315,TK-249828,15.36111111111111
TK-249315,TK-250264,28.993055555555557
TK-249828,TK-250264,13.60625
TK-246665,TK-247874,29.92222222222222
TK-247874,TK-247913,1.2791666666666666
TK-240333,TK-240419,3.1215277777777777
TK-240333,TK-240708,24.53611111111111
TK-240419,TK-240708,21.403472222222224
TK-253331,TK-253613,7.351388888888889
TK-252200,TK-252930,16.37152777777778
TK-242605,TK-242700,5.221527777777778
TK-242605,TK-243013,23.788888888888888
TK-242700,TK-243013,18.54861111111111
TK-242103,TK-242344,10.949305555555556
TK-242103,TK-242381,13.172222222222222
TK-242344,TK-242381,2.1972222222222224
TK-247480,TK-248203,18.054861111111112
TK-241697,TK-242027,17.511111111111113
TK-242802,TK-242843,1.9048611111111111
TK-253441,TK-254391,27.910416666666666
TK-251125,TK-251152,0.7388888888888889
TK-251125,TK-251670,16.06875
TK-251152,TK-251670,15.309027777777779
TK-245203,TK-245640,13.120833333333334
TK-240283,TK-240352,5.1618055555555555
TK-244035,TK-244079,0.03958333333333333
TK-244035,TK-244598,16.84027777777778
TK-244079,TK-244598,16.790972222222223
TK-244035,TK-244790,23.61875
TK-244079,TK-244790,23.569444444444443
TK-244598,TK-244790,6.716666666666667
TK-241960,TK-242402,25.240972222222222
TK-242402,TK-242720,18.082638888888887
TK-246752,TK-246913,4.175694444444445
TK-241868,TK-241965,2.879166666666667
TK-241868,TK-242085,10.369444444444444
TK-241965,TK-242085,5.468055555555556
TK-247102,TK-247791,16.22013888888889
TK-247102,TK-248138,25.739583333333332
TK-247791,TK-248138,9.459027777777777
TK-247071,TK-247262,4.385416666666667
TK-251480,TK-251603,3.4944444444444445
TK-251480,TK-251998,14.5625
TK-251603,TK-251998,10.999305555555555
TK-251480,TK-252145,18.804166666666667
TK-251603,TK-252145,15.240972222222222
TK-251998,TK-252145,4.214583333333334
TK-249877,TK-249970,3.283333333333333
TK-243419,TK-243658,9.22638888888889
TK-253451,TK-253853,11.146527777777777
TK-253853,TK-254483,18.850694444444443
TK-250921,TK-251153,4.682638888888889
TK-242396,TK-242492,5.769444444444445
TK-250051,TK-250300,8.013194444444444
TK-253783,TK-254602,25.646527777777777
TK-254602,TK-254890,7.475694444444445
TK-240375,TK-240492,8.209722222222222
TK-247817,TK-248787,26.207638888888887
TK-248787,TK-249089,5.8381944444444445
TK-251542,TK-251848,8.806944444444444
TK-251315,TK-251405,2.7416666666666667
TK-252942,TK-252966,0.9201388888888888
TK-252942,TK-253163,7.243055555555555
TK-252966,TK-253163,3.310416666666667
TK-252942,TK-253675,20.917361111111113
TK-252966,TK-253675,16.98472222222222
TK-253163,TK-253675,13.289583333333333
TK-252942,TK-253798,24.043055555555554
TK-252966,TK-253798,20.110416666666666
TK-253163,TK-253798,16.415277777777778
TK-253675,TK-254291,6.176388888888889
TK-253798,TK-254291,10.091666666666667
TK-248916,TK-249397,11.557638888888889
TK-248919,TK-249397,10.491666666666667
TK-248698,TK-249705,29.249305555555555
TK-249705,TK-249827,3.370833333333333
TK-249705,TK-249832,3.5527777777777776
TK-249827,TK-249832,0.05625
TK-252490,TK-252732,3.9722222222222223
TK-250067,TK-250177,3.0381944444444446
TK-245150,TK-245175,0.925
TK-245150,TK-246118,27.15763888888889
TK-245175,TK-246118,26.197916666666668
TK-240322,TK-240505,13.265972222222222
TK-246512,TK-246595,1.2715277777777778
TK-246512,TK-247360,21.20277777777778
TK-246595,TK-247360,11.776388888888889
TK-246595,TK-247761,20.936805555555555
TK-247360,TK-247761,9.011111111111111
TK-240402,TK-240729,23.454166666666666
TK-241847,TK-242084,13.344444444444445
TK-242084,TK-242573,26.91111111111111
TK-249810,TK-249942,4.435416666666667
TK-254351,TK-254409,2.0006944444444446
TK-248834,TK-248954,2.3881944444444443
TK-251757,TK-251930,4.413888888888889
TK-251757,TK-252112,9.190972222222221
TK-251930,TK-252112,4.759027777777778
TK-251757,TK-252675,24.720833333333335
TK-251930,TK-252675,20.288888888888888
TK-252112,TK-252675,13.514583333333333
TK-243146,TK-243194,3.079861111111111
TK-243146,TK-243443,14.581944444444444
TK-243194,TK-243443,11.45486111111111
TK-243146,TK-243547,19.139583333333334
TK-243194,TK-243547,16.0125
TK-243443,TK-243547,4.299305555555556
TK-254696,TK-254759,1.617361111111111
TK-243727,TK-244430,23.79375
TK-243727,TK-244613,29.008333333333333
TK-249366,TK-249625,7.440972222222222
TK-249625,TK-250596,29.302083333333332
TK-241269,TK-241695,23.230555555555554
TK-241294,TK-241695,23.355555555555554
TK-243329,TK-243436,4.970833333333333
TK-248346,TK-248405,1.9618055555555556
TK-248346,TK-248499,4.697222222222222
TK-248405,TK-248499,2.691666666666667
TK-248346,TK-249204,25.0125
TK-248405,TK-249204,23.006944444444443
TK-248499,TK-249204,20.284027777777776
TK-249204,TK-249869,19.68402777777778
TK-249869,TK-250501,19.250694444444445
TK-240556,TK-240869,19.65
TK-249011,TK-249603,16.49513888888889
TK-248947,TK-249045,2.151388888888889
TK-250583,TK-250796,6.03125
TK-246658,TK-246858,4.5368055555555555
TK-246658,TK-247618,23.06597222222222
TK-246858,TK-247618,18.50486111111111
TK-244605,TK-244788,6.126388888888889
TK-244605,TK-245202,20.149305555555557
TK-242191,TK-242448,13.967361111111112
TK-240146,TK-240471,25.444444444444443
TK-253418,TK-254013,18.030555555555555
TK-254013,TK-254537,13.228472222222223
TK-254113,TK-254263,4.564583333333333
TK-253843,TK-253889,0.9791666666666666
TK-253843,TK-254187,10.414583333333333
TK-253889,TK-254187,9.394444444444444
TK-244847,TK-245058,7.409027777777778
TK-245058,TK-246036,28.516666666666666
TK-245442,TK-246372,24.384027777777778
TK-250701,TK-251658,28.089583333333334
TK-245057,TK-245910,25.264583333333334
TK-251262,TK-251907,19.180555555555557
TK-240807,TK-240859,2.6875
TK-242371,TK-242413,2.402083333333333
TK-243605,TK-243616,0.3597222222222222
TK-242055,TK-242184,6.797916666666667
TK-242184,TK-242656,24.153472222222224
TK-244677,TK-244894,7.374305555555556
TK-251001,TK-251498,14.20138888888889
TK-249170,TK-249206,1.1194444444444445
TK-245624,TK-246507,22.427777777777777
TK-251260,TK-251402,4.194444444444445
TK-251260,TK-251466,6.271527777777778
TK-251402,TK-251466,2.0388888888888888
TK-252717,TK-252940,6.875694444444444
TK-252940,TK-253750,23.247222222222224
TK-240048,TK-240264,18.159027777777776
TK-240048,TK-240303,21.211805555555557
TK-240264,TK-240303,3.0375
TK-250335,TK-251273,26.150694444444444
TK-249502,TK-250045,4.381944444444445
TK-250045,TK-250934,24.429166666666667
TK-242803,TK-243274,18.43611111111111
TK-242915,TK-243445,26.36875
TK-243445,TK-243955,17.463194444444444
TK-241846,TK-242407,28.194444444444443
TK-254272,TK-254532,5.009027777777778
TK-254326,TK-254532,1.7506944444444446
TK-253654,TK-253704,0.9138888888888889
TK-253654,TK-254331,19.29513888888889
TK-253704,TK-254331,17.78125
TK-253654,TK-254640,29.23125
TK-253704,TK-254640,27.71736111111111
TK-254331,TK-254640,9.848611111111111
TK-253954,TK-254184,5.169444444444444
TK-253391,TK-253578,4.9847222222222225
TK-253391,TK-253777,10.79861111111111
TK-253391,TK-254314,26.955555555555556
TK-253777,TK-254314,16.147916666666667
TK-253777,TK-254639,26.54861111111111
TK-254314,TK-254639,7.386111111111111
TK-248548,TK-249443,26.185416666666665
TK-245947,TK-246854,22.335416666666667
TK-243867,TK-244103,8.38263888888889
TK-244096,TK-244153,1.9784722222222222
TK-253646,TK-253896,7.2125
TK-253646,TK-253939,8.74236111111111
TK-253896,TK-253939,1.5013888888888889
TK-253646,TK-254076,13.300694444444444
TK-253896,TK-254076,6.059722222222222
TK-253939,TK-254076,4.447916666666667
TK-253646,TK-254259,18.50486111111111
TK-253896,TK-254259,11.26388888888889
TK-253939,TK-254259,9.652083333333334
TK-254076,TK-254259,4.970833333333333
TK-248214,TK-248554,9.563888888888888
TK-248214,TK-249153,26.84513888888889
TK-248554,TK-249153,17.260416666666668
TK-243262,TK-243582,14.186111111111112
TK-248354,TK-248942,17.818055555555556
TK-245723,TK-246395,15.116666666666667
TK-246395,TK-247313,17.55902777777778
TK-240563,TK-240785,12.420833333333333
TK-240785,TK-241210,25.028472222222224
TK-241210,TK-241614,24.221527777777776
TK-248881,TK-249700,23.323611111111113
TK-245046,TK-245559,13.328472222222222
TK-244804,TK-245761,29.94375
TK-246409,TK-246627,4.014583333333333
TK-246409,TK-247082,16.381944444444443
TK-246627,TK-247082,11.353472222222223
TK-251319,TK-251850,16.081944444444446
TK-250759,TK-251625,25.43125
TK-252319,TK-252405,2.313888888888889
TK-252319,TK-253138,25.271527777777777
TK-252405,TK-253138,22.931944444444444
TK-247012,TK-247753,17.452083333333334
TK-247334,TK-248057,15.095833333333333
TK-254470,TK-254605,4.613888888888889
TK-254818,TK-254828,0.09305555555555556
TK-244612,TK-244695,2.977777777777778
TK-244612,TK-245484,29.34375
TK-244695,TK-245484,21.074305555555554
TK-253241,TK-253390,3.8340277777777776
TK-253241,TK-254110,24.916666666666668
TK-253390,TK-254110,20.997222222222224
TK-243495,TK-243610,5.782638888888889
TK-243812,TK-243992,6.131944444444445
TK-244726,TK-245299,19.19375
TK-244628,TK-244961,11.775694444444444
TK-252441,TK-252637,3.1152777777777776
TK-253587,TK-254206,18.505555555555556
TK-254206,TK-254697,15.03125
TK-246450,TK-247497,26.2
TK-247497,TK-248039,13.219444444444445
TK-245880,TK-245905,0.8215277777777777
TK-245880,TK-246481,15.15
TK-245905,TK-246481,14.3125
TK-245880,TK-246482,15.225
TK-245905,TK-246482,14.3875
TK-246481,TK-246482,0.06319444444444444
TK-246481,TK-247129,16.325
TK-246482,TK-247129,16.23472222222222
TK-245718,TK-246402,17.22222222222222
TK-240427,TK-240901,29.559722222222224
TK-241606,TK-241936,13.172222222222222
TK-241591,TK-241822,12.252083333333333
TK-241822,TK-242165,19.84722222222222
TK-248221,TK-249192,27.997222222222224
TK-251988,TK-252062,1.5930555555555554
TK-250140,TK-250434,3.7569444444444446
TK-250140,TK-250797,14.175694444444444
TK-250434,TK-250797,9.285416666666666
TK-249878,TK-250150,8.536805555555556
TK-249878,TK-250158,8.7125
TK-249878,TK-250540,20.002083333333335
TK-250150,TK-250540,8.440972222222221
TK-250158,TK-250540,10.2
TK-250150,TK-251004,22.172916666666666
TK-250158,TK-251004,23.931944444444444
TK-250540,TK-251004,8.442361111111111
TK-250540,TK-251481,22.213194444444444
TK-251004,TK-251481,13.433333333333334
TK-250540,TK-251629,26.538194444444443
TK-251004,TK-251629,17.758333333333333
TK-244359,TK-245128,23.32986111111111
TK-253928,TK-254086,5.365972222222222
TK-244052,TK-244085,1.0298611111111111
TK-244052,TK-244357,10.38125
TK-244085,TK-244357,9.32638888888889
TK-243521,TK-243692,4.183333333333334
TK-250116,TK-250907,22.9125
TK-250907,TK-251250,9.447222222222223
TK-250907,TK-251910,28.87013888888889
TK-251250,TK-251910,16.243055555555557
TK-251250,TK-252392,29.506944444444443
TK-251910,TK-252392,13.245833333333334
TK-242766,TK-242942,9.785416666666666
TK-242080,TK-242124,1.9069444444444446
TK-248929,TK-249839,26.06736111111111
TK-249839,TK-250416,18.0125
TK-246995,TK-247186,3.439583333333333
TK-246995,TK-247368,8.344444444444445
TK-247186,TK-247368,4.852083333333334
TK-247690,TK-248366,17.079166666666666
TK-250044,TK-250321,5.913194444444445
TK-246757,TK-247182,10.5625
TK-246757,TK-247706,23.07847222222222
TK-247182,TK-247706,12.20625
TK-250131,TK-250442,9.495138888888889
TK-250442,TK-251429,28.080555555555556
TK-251429,TK-252356,26.37152777777778
TK-251518,TK-251898,8.94375
TK-251518,TK-252523,26.08125
TK-251898,TK-252523,14.078472222222222
TK-252523,TK-253140,19.014583333333334
TK-246414,TK-246625,4.847916666666666
TK-244568,TK-245313,20.197916666666668
TK-245313,TK-245707,11.125694444444445
TK-245689,TK-246167,12.217361111111112
TK-241418,TK-241688,14.583333333333334
TK-244978,TK-245201,6.9430555555555555
TK-245539,TK-246553,25.553472222222222
TK-249900,TK-250544,5.302777777777778
TK-254195,TK-254566,8.3
TK-254284,TK-254620,5.851388888888889
TK-245318,TK-245398,2.5930555555555554
TK-251478,TK-252035,16.02777777777778
TK-251072,TK-251461,6.035416666666666
TK-251087,TK-251461,10.70138888888889
TK-250723,TK-251104,11.260416666666666
TK-254429,TK-254886,13.309722222222222
TK-248470,TK-249176,20.114583333333332
TK-248470,TK-249239,22.175
TK-249176,TK-249239,1.0284722222222222
TK-248470,TK-249253,22.31111111111111
TK-249176,TK-249253,1.1645833333333333
TK-249239,TK-249253,0.12430555555555556
TK-243673,TK-244249,18.313194444444445
TK-240584,TK-240827,15.597916666666666
TK-248372,TK-249235,21.820138888888888
TK-243193,TK-243327,6.226388888888889
TK-243193,TK-243351,7.283333333333333
TK-243327,TK-243351,0.9416666666666667
TK-243193,TK-243748,24.241666666666667
TK-243327,TK-243748,17.9
TK-243351,TK-243748,16.910416666666666
TK-243748,TK-244519,22.063194444444445
TK-253205,TK-253244,0.4965277777777778
TK-250560,TK-250580,0.20694444444444443
TK-246852,TK-247420,14.443055555555556
TK-247833,TK-248873,29.547916666666666
TK-249058,TK-249238,4.845833333333333
TK-252221,TK-252491,2.1145833333333335
TK-250837,TK-251217,11.401388888888889
TK-252685,TK-252890,6.891666666666667
TK-241941,TK-242044,6.008333333333334
TK-245530,TK-246305,18.259027777777778
TK-245530,TK-246407,20.414583333333333
TK-246305,TK-246407,1.020138888888889
TK-242372,TK-242398,1.3604166666666666
TK-242372,TK-242452,4.352083333333334
TK-242398,TK-242452,1.929861111111111
TK-243337,TK-243473,4.557638888888889
TK-243337,TK-243826,18.832638888888887
TK-243473,TK-243826,13.24375
TK-243826,TK-244543,23.435416666666665
TK-250506,TK-250712,5.444444444444445
TK-252711,TK-252986,7.615972222222222
TK-252599,TK-253057,15.50763888888889
TK-241332,TK-241419,6.14375
TK-241332,TK-241502,11.288194444444445
TK-241419,TK-241949,21.205555555555556
TK-241502,TK-241949,22.86875
TK-241419,TK-242014,24.613194444444446
TK-241502,TK-242014,26.27638888888889
TK-241949,TK-242014,3.379861111111111
TK-253063,TK-254052,27.011805555555554
TK-253072,TK-254052,27.381944444444443
TK-254052,TK-254526,14.095833333333333
TK-254042,TK-254273,5.95625
TK-247271,TK-248167,22.54513888888889
TK-242325,TK-242399,4.363888888888889
TK-252575,TK-253511,27.880555555555556
TK-253511,TK-254064,14.141666666666667
TK-243309,TK-244051,29.002083333333335
TK-245032,TK-245252,7.215972222222222
TK-245570,TK-245965,7.411111111111111
TK-244259,TK-245123,28.204166666666666
TK-253603,TK-253625,0.7909722222222222
TK-252252,TK-252507,6.44375
TK-244716,TK-245417,23.40277777777778
TK-251323,TK-251781,13.44513888888889
TK-245824,TK-246066,5.198611111111111
TK-244573,TK-245302,23.458333333333332
TK-244583,TK-245302,24.297916666666666
TK-250873,TK-251431,14.927777777777777
TK-250873,TK-251833,27.12986111111111
TK-251431,TK-251833,12.140972222222222
TK-247118,TK-247202,1.76875
TK-245783,TK-246370,15.336805555555555
TK-252310,TK-253009,21.604861111111113
TK-250721,TK-251302,16.584722222222222
TK-246154,TK-246357,3.295138888888889
TK-246154,TK-247289,26.360416666666666
TK-246357,TK-247289,22.789583333333333
TK-249150,TK-249613,12.572222222222223
TK-249150,TK-249742,16.070833333333333
TK-249613,TK-249742,3.4090277777777778
TK-243070,TK-243126,1.8451388888888889
TK-249671,TK-249696,0.41805555555555557
TK-249671,TK-250222,17.009027777777778
TK-249696,TK-250222,16.574305555555554
TK-250222,TK-250735,15.047916666666667
TK-243581,TK-243809,8.27361111111111
TK-240558,TK-240689,10.020138888888889
TK-240789,TK-241298,25.013194444444444
TK-251082,TK-252041,27.26388888888889
TK-247604,TK-248288,17.844444444444445
TK-248288,TK-248749,12.198611111111111
TK-248288,TK-249154,23.790972222222223
TK-248749,TK-249154,11.575694444444444
TK-248749,TK-249589,24.07847222222222
TK-249154,TK-249589,12.461805555555555
TK-253502,TK-253692,5.5784722222222225
TK-242489,TK-242742,8.341666666666667
TK-246644,TK-247081,11.420833333333333
TK-243911,TK-244436,14.941666666666666
TK-243331,TK-243408,3.8777777777777778
TK-240889,TK-241345,23.813194444444445
TK-240733,TK-240744,0.4618055555555556
TK-240733,TK-240959,14.524305555555555
TK-240744,TK-240959,14.028472222222222
TK-242625,TK-242662,1.9180555555555556
TK-242625,TK-242813,10.224305555555556
TK-242662,TK-242813,8.277083333333334
TK-241715,TK-242059,19.297916666666666
TK-251979,TK-252375,10.749305555555555
TK-251979,TK-252850,25.17222222222222
TK-252375,TK-252850,14.335416666666667
TK-250246,TK-250715,11.066666666666666
TK-250246,TK-251057,21.420833333333334
TK-250715,TK-251057,10.084027777777777
TK-245360,TK-246245,23.579166666666666
TK-252156,TK-252877,21.227083333333333
TK-247642,TK-247935,7.113194444444445
TK-246724,TK-247159,10.119444444444444
TK-251876,TK-252852,27.477777777777778
TK-254380,TK-254417,1.3618055555555555
TK-254380,TK-254489,4.124305555555556
TK-254380,TK-254613,8.086805555555555
TK-254417,TK-254613,0.7
TK-254489,TK-254613,3.942361111111111
TK-245921,TK-245983,1.4368055555555554
TK-245921,TK-246295,9.38263888888889
TK-245983,TK-246295,7.305555555555555
TK-244641,TK-244646,0.5402777777777777
TK-250805,TK-251195,11.168055555555556
TK-244219,TK-244269,0.7465277777777778
TK-250025,TK-250710,18.97222222222222
TK-250025,TK-251032,28.915972222222223
TK-250710,TK-251032,9.868055555555555
TK-250710,TK-251094,11.247916666666667
TK-251032,TK-251094,1.3486111111111112
TK-247073,TK-247470,9.668055555555556
TK-244679,TK-245271,18.179166666666667
TK-253051,TK-253813,15.1125
TK-252968,TK-253588,17.20347222222222
TK-250665,TK-250910,4.829861111111111
TK-246635,TK-247721,26.736805555555556
TK-245639,TK-245994,8.25763888888889
TK-244171,TK-244538,11.134722222222223
TK-244480,TK-244921,14.335416666666667
TK-244480,TK-244944,15.049305555555556
TK-244921,TK-244944,0.6875
TK-244480,TK-245088,19.945138888888888
TK-244921,TK-245088,5.583333333333333
TK-244944,TK-245088,1.8701388888888888
TK-242008,TK-242282,15.575
TK-249096,TK-249967,26.1875
TK-244948,TK-244982,1.2326388888888888
TK-244948,TK-245741,24.29722222222222
TK-245741,TK-246325,15.465972222222222
TK-242338,TK-242640,17.372222222222224
TK-241438,TK-241857,20.493055555555557
TK-241438,TK-241987,27.339583333333334
TK-241857,TK-241987,4.825694444444444
TK-241857,TK-242173,16.388194444444444
TK-241987,TK-242173,11.463888888888889
TK-241987,TK-242471,27.51875
TK-242173,TK-242471,15.032638888888888
TK-248657,TK-249489,24.22013888888889
TK-249489,TK-250011,15.467361111111112
TK-249618,TK-249800,5.238194444444445
TK-253876,TK-254364,14.21111111111111
TK-253876,TK-254747,26.471527777777776
TK-254364,TK-254747,12.236805555555556
TK-250143,TK-250393,7.560416666666667
TK-247213,TK-247348,1.5534722222222221
TK-253144,TK-253481,6.624305555555556
TK-246727,TK-247379,16.62361111111111
TK-246727,TK-247916,29.507638888888888
TK-247379,TK-247916,12.54513888888889
TK-240216,TK-240221,0.3486111111111111
TK-240216,TK-240617,29.372916666666665
TK-240221,TK-240617,28.9375
TK-246697,TK-247970,19.65138888888889
TK-242240,TK-242284,1.70625
TK-242240,TK-242479,12.819444444444445
TK-242284,TK-242479,11.077777777777778
TK-242240,TK-242544,16.518055555555556
TK-242284,TK-242544,14.776388888888889
TK-242479,TK-242544,2.6694444444444443
TK-244582,TK-244872,7.745138888888889
TK-245163,TK-245633,11.213888888888889
TK-249759,TK-250703,28.794444444444444
TK-241377,TK-241621,14.61111111111111
TK-243260,TK-243397,6.91875
TK-249907,TK-250648,21.865277777777777
TK-250648,TK-251245,17.322916666666668
TK-246229,TK-246350,3.1743055555555557
TK-240109,TK-240261,12.182638888888889
TK-245521,TK-245839,8.322222222222223
TK-245968,TK-246069,2.4402777777777778
TK-243848,TK-244243,13.897222222222222
TK-243848,TK-244415,19.09861111111111
TK-244243,TK-244415,5.184722222222222
TK-242152,TK-242488,18.102777777777778
TK-252450,TK-253035,18.74375
TK-252450,TK-253131,21.584027777777777
TK-253035,TK-253131,2.8069444444444445
TK-245323,TK-245724,10.175694444444444
TK-245627,TK-245790,4.3284722222222225
TK-245627,TK-246089,12.10763888888889
TK-245790,TK-247007,22.56736111111111
TK-246089,TK-247007,22.613194444444446
TK-247007,TK-248087,26.493055555555557
TK-240193,TK-240326,8.509722222222223
TK-244094,TK-244260,5.504861111111111
TK-244260,TK-245100,27.28263888888889
TK-251908,TK-252023,3.004861111111111
TK-240722,TK-240822,6.878472222222222
TK-240722,TK-241192,28.954166666666666
TK-240822,TK-241192,22.05902777777778
TK-241825,TK-241900,4.497222222222222
TK-251817,TK-252048,4.053472222222222
TK-253388,TK-253710,9.177777777777777
TK-243115,TK-243143,0.8902777777777777
TK-244666,TK-244900,8.013194444444444
TK-244666,TK-244949,9.305555555555555
TK-244666,TK-245039,12.33611111111111
TK-244949,TK-245039,2.9270833333333335
TK-243653,TK-244216,18.238888888888887
TK-245694,TK-245812,3.1222222222222222
TK-240814,TK-241140,10.51736111111111
TK-248661,TK-249492,24.410416666666666
TK-243301,TK-243449,6.885416666666667
TK-243172,TK-243566,18.101388888888888
TK-247870,TK-248023,4.022222222222222
TK-253188,TK-253893,16.915277777777778
TK-253262,TK-253893,12.160416666666666
TK-241895,TK-242309,18.273611111111112
TK-241902,TK-242309,22.556944444444444
TK-252381,TK-253448,28.604166666666668
TK-242069,TK-242495,23.259722222222223
TK-251164,TK-251311,3.997916666666667
TK-244904,TK-245284,12.272222222222222
TK-244601,TK-245053,15.032638888888888
TK-244601,TK-245171,19.381944444444443
TK-245053,TK-245171,4.323611111111111
TK-251637,TK-251924,8.500694444444445
TK-251637,TK-252618,27.534027777777776
TK-251924,TK-252618,18.87152777777778
TK-243471,TK-243918,15.245833333333334
TK-247995,TK-248978,27.17222222222222
TK-242850,TK-243074,13.113888888888889
TK-254237,TK-254598,6.574305555555555
TK-254237,TK-254714,9.675
TK-251739,TK-252144,8.328472222222222
TK-244181,TK-244275,3.097916666666667
TK-244181,TK-245055,28.293055555555554
TK-244275,TK-245055,23.114583333333332
TK-246315,TK-246715,8.545833333333333
TK-253956,TK-254005,1.1347222222222222
TK-243721,TK-244615,29.12847222222222
TK-247336,TK-247990,16.255555555555556
TK-249041,TK-249249,1.9958333333333333
TK-250419,TK-250754,9.284027777777778
TK-250419,TK-251062,18.45277777777778
TK-250754,TK-251062,9.155555555555555
TK-244340,TK-244647,9.655555555555555
TK-244340,TK-244890,18.00486111111111
TK-244647,TK-244890,8.33125
TK-246190,TK-246262,2.0055555555555555
TK-246190,TK-246604,9.713194444444444
TK-246262,TK-246604,5.379861111111111
TK-246190,TK-247261,26.634027777777778
TK-246262,TK-247261,22.300694444444446
TK-246604,TK-247261,15.620138888888889
TK-253653,TK-254335,20.469444444444445
TK-241539,TK-241728,7.2131944444444445
TK-240883,TK-240992,7.091666666666667
TK-253077,TK-253178,2.8027777777777776
TK-243383,TK-243951,11.715277777777779
TK-244892,TK-245146,8.3875
TK-240054,TK-240148,8.786111111111111
TK-240054,TK-240279,19.367361111111112
TK-240148,TK-240279,10.45625
TK-240054,TK-240417,29.493055555555557
TK-240148,TK-240417,20.581944444444446
TK-240279,TK-240417,10.068055555555556
TK-240148,TK-240445,23.858333333333334
TK-240279,TK-240445,13.344444444444445
TK-240417,TK-240445,3.2444444444444445
TK-246193,TK-246868,16.086805555555557
TK-249291,TK-249321,0.5888888888888889
TK-241969,TK-242110,8.765972222222222
TK-247216,TK-247946,17.853472222222223
TK-253881,TK-254020,4.6125
TK-240233,TK-240619,28.581944444444446
TK-240619,TK-240913,18.956944444444446
TK-253404,TK-254367,24.613194444444446
TK-243344,TK-243523,7.104166666666667
TK-243344,TK-244041,26.207638888888887
TK-243523,TK-244041,16.09027777777778
TK-244041,TK-244931,28.397222222222222
TK-250979,TK-251673,20.577083333333334
TK-250232,TK-250731,14.295833333333333
TK-242017,TK-242230,12.309722222222222
TK-253232,TK-253753,14.422916666666667
TK-241935,TK-242387,25.040277777777778
TK-246549,TK-246796,6.506944444444445
TK-244533,TK-244976,13.129861111111111
TK-247861,TK-248283,8.965277777777779
TK-251926,TK-252262,7.053472222222222
TK-253160,TK-253482,8.436805555555555
TK-249242,TK-249405,4.631944444444445
TK-240192,TK-240405,12.763194444444444
TK-251139,TK-251370,1.3229166666666667
TK-253090,TK-253250,3.9375
TK-248735,TK-249276,15.803472222222222
TK-243576,TK-243993,14.449305555555556
TK-243993,TK-244665,20.511805555555554
TK-244665,TK-245386,24.456944444444446
TK-246708,TK-247031,8.932638888888889
TK-247054,TK-247353,4.9847222222222225
TK-244923,TK-245235,10.370138888888889
TK-244923,TK-245448,16.979166666666668
TK-245235,TK-245448,4.582638888888889
TK-244923,TK-245675,23.15972222222222
TK-245235,TK-245675,10.763194444444444
TK-245448,TK-245675,6.159027777777778
TK-248796,TK-249177,9.899305555555555
TK-253357,TK-253591,5.951388888888889
TK-253357,TK-254137,22.519444444444446
TK-253591,TK-254137,15.553472222222222
TK-254137,TK-254892,20.113194444444446
TK-242950,TK-243171,13.394444444444444
TK-252339,TK-252370,0.7180555555555556
TK-252339,TK-252542,5.370138888888889
TK-243345,TK-243511,7.286111111111111
TK-250853,TK-251837,28.952083333333334
TK-252606,TK-252794,5.9625
TK-246786,TK-247292,12.61111111111111
TK-246786,TK-247921,28.07777777777778
TK-247292,TK-247921,15.425
TK-247292,TK-248356,26.93402777777778
TK-247921,TK-248356,11.477083333333333
TK-248356,TK-249353,29.007638888888888
TK-251815,TK-252449,17.402083333333334
TK-252449,TK-253087,19.603472222222223
TK-242994,TK-243389,20.32986111111111
TK-249632,TK-249933,4.261111111111111
TK-242030,TK-242128,3.277083333333333
TK-240189,TK-240282,7.401388888888889
TK-244419,TK-244674,7.188194444444444
TK-240197,TK-240464,20.180555555555557
TK-252605,TK-253248,10.324305555555556
TK-240118,TK-240383,21.256944444444443
TK-248849,TK-249143,8.272916666666667
TK-244424,TK-244756,10.24236111111111
TK-247327,TK-248060,18.029166666666665
TK-247327,TK-248169,21.208333333333332
TK-248060,TK-248169,2.1527777777777777
TK-240803,TK-241243,20.100694444444443
TK-240899,TK-241243,18.202083333333334
TK-252830,TK-253085,6.602083333333334
TK-252830,TK-253933,29.778472222222224
TK-253085,TK-253933,23.05625
TK-252938,TK-253799,19.274305555555557
TK-240414,TK-240637,13.28888888888889
TK-251289,TK-251718,13.159027777777778
TK-251296,TK-251345,1.2208333333333334
TK-251296,TK-251916,18.403472222222224
TK-251345,TK-251916,17.13888888888889
TK-250812,TK-251007,6.097916666666666
TK-250812,TK-251226,12.014583333333333
TK-250812,TK-251633,24.261805555555554
TK-251226,TK-251633,12.223611111111111
TK-246377,TK-246819,8.54375
TK-249227,TK-250073,25.303472222222222
TK-250073,TK-250867,23.35972222222222
TK-240343,TK-240399,3.23125
TK-250408,TK-251123,20.325694444444444
TK-246433,TK-247016,14.849305555555556
TK-246433,TK-247206,19.077083333333334
TK-247016,TK-247206,4.104166666666667
TK-247016,TK-247665,15.24236111111111
TK-247206,TK-247665,11.104861111111111
TK-247665,TK-248740,29.476388888888888
TK-243828,TK-244016,6.530555555555556
TK-246468,TK-246839,9.28888888888889
TK-246468,TK-247349,21.970833333333335
TK-246839,TK-247349,12.663194444444445
TK-249344,TK-249949,18.281944444444445
TK-250985,TK-251272,2.7729166666666667
TK-248619,TK-248767,4.354166666666667
TK-248619,TK-249633,29.509027777777778
TK-248767,TK-249633,25.133333333333333
TK-250440,TK-250704,7.514583333333333
TK-250440,TK-251251,23.35625
TK-250704,TK-251251,15.807638888888889
TK-243802,TK-244570,25.000694444444445
TK-244570,TK-244780,7.2652777777777775
TK-245919,TK-246103,4.732638888888889
TK-246560,TK-247494,23.478472222222223
TK-243532,TK-243751,0.7173611111111111
TK-243532,TK-244221,16.814583333333335
TK-243751,TK-244221,4.045833333333333
TK-243751,TK-244761,20.98611111111111
TK-244221,TK-244761,15.91388888888889
TK-250777,TK-251286,14.322916666666666
TK-252694,TK-252821,4.135416666666667
TK-252694,TK-252874,5.741666666666666
TK-252821,TK-252874,1.5729166666666667
TK-248879,TK-249254,10.490972222222222
TK-248879,TK-249283,11.365277777777777
TK-249254,TK-249283,0.33055555555555555
TK-240013,TK-240018,0.37569444444444444
TK-240013,TK-240209,17.470833333333335
TK-240018,TK-240209,15.904166666666667
TK-241545,TK-241963,20.636111111111113
TK-241555,TK-241963,21.193055555555556
TK-241963,TK-242178,13.240277777777777
TK-241963,TK-242302,19.523611111111112
TK-242178,TK-242302,6.240277777777778
TK-242302,TK-242728,23.854861111111113
TK-244669,TK-244822,5.020138888888889
TK-244669,TK-244951,9.658333333333333
TK-244822,TK-244951,4.620138888888889
TK-244669,TK-245295,20.954166666666666
TK-244822,TK-245295,15.915972222222223
TK-244951,TK-245295,11.266666666666667
TK-249199,TK-249666,13.511111111111111
TK-249199,TK-250162,29.01736111111111
TK-249666,TK-250162,15.486805555555556
TK-250162,TK-250732,16.372222222222224
TK-250855,TK-251084,6.9222222222222225
TK-250855,TK-251613,22.695833333333333
TK-251084,TK-251613,15.557638888888889
TK-251613,TK-252258,17.129166666666666
TK-242636,TK-242892,11.14236111111111
TK-249928,TK-250646,20.882638888888888
TK-250646,TK-251423,22.331944444444446
TK-240496,TK-240580,3.6625
TK-253135,TK-253255,3.002083333333333
TK-253135,TK-253929,21.56736111111111
TK-253255,TK-253929,13.543055555555556
TK-253255,TK-254321,25.245833333333334
TK-253929,TK-254321,11.44375
TK-251795,TK-252308,14.043055555555556
TK-251741,TK-252150,11.609027777777778
TK-246951,TK-247093,3.6180555555555554
TK-246588,TK-246598,0.11180555555555556
TK-246588,TK-246792,5.641666666666667
TK-246598,TK-246792,5.425
TK-243125,TK-243355,11.354166666666666
TK-247101,TK-247603,6.956944444444445
TK-247603,TK-248622,25.974305555555556
TK-248622,TK-249541,26.65
TK-241794,TK-242359,29.206944444444446
TK-250318,TK-250799,13.009722222222223
TK-241455,TK-241521,3.4625
TK-241455,TK-241966,26.729861111111113
TK-241521,TK-241966,18.197916666666668
TK-241966,TK-242334,17.52777777777778
TK-246653,TK-247299,16.4125
TK-246653,TK-247624,24.520138888888887
TK-247299,TK-247624,8.074305555555556
TK-242604,TK-242906,16.34861111111111
TK-242361,TK-242567,8.995138888888889
TK-242567,TK-243170,22.47013888888889
TK-245872,TK-246164,7.177083333333333
TK-245872,TK-246479,15.139583333333333
TK-246164,TK-246479,7.951388888888889
TK-251879,TK-251929,0.6770833333333334
TK-251879,TK-252166,6.945833333333334
TK-251929,TK-252166,6.2375
TK-240891,TK-241053,10.4
TK-243281,TK-243324,1.0784722222222223
TK-243986,TK-244382,13.065972222222221
TK-243986,TK-244670,22.207638888888887
TK-244382,TK-244670,9.111805555555556
TK-246121,TK-246145,0.61875
TK-246121,TK-246956,21.06388888888889
TK-246145,TK-246956,17.42152777777778
TK-243621,TK-243872,8.526388888888889
TK-241355,TK-241560,10.35
TK-241560,TK-242009,24.179166666666667
TK-252801,TK-252898,3.2041666666666666
TK-248908,TK-249752,23.897916666666667
TK-243772,TK-244194,13.102777777777778
TK-243791,TK-244194,10.115972222222222
TK-243791,TK-244809,29.84375
TK-244194,TK-244809,16.706944444444446
TK-244809,TK-245457,21.630555555555556
TK-247253,TK-248389,29.196527777777778
TK-241833,TK-242039,11.636805555555556
TK-241833,TK-242209,21.22013888888889
TK-242039,TK-242209,9.468055555555555
TK-242039,TK-242432,21.43402777777778
TK-242209,TK-242432,11.917361111111111
TK-247675,TK-247754,1.8833333333333333
TK-243116,TK-243225,5.440277777777778
TK-246986,TK-247448,11.292361111111111
TK-240932,TK-241150,7.920138888888889
TK-240956,TK-241150,10.260416666666666
TK-252720,TK-253115,13.319444444444445
TK-252778,TK-253156,11.429166666666667
TK-252778,TK-253656,24.827083333333334
TK-253156,TK-253656,8.377083333333333
TK-242540,TK-242670,5.836111111111111
TK-242540,TK-242932,20.256944444444443
TK-242670,TK-242932,14.297916666666667
TK-251282,TK-251394,3.582638888888889
TK-251231,TK-251769,8.033333333333333
TK-251282,TK-251769,14.786111111111111
TK-251394,TK-251769,11.186805555555555
TK-245682,TK-245696,0.17152777777777778
TK-245682,TK-245826,3.9159722222222224
TK-245696,TK-245826,3.678472222222222
TK-253211,TK-253471,6.354861111111111
TK-253211,TK-253673,12.192361111111111
TK-253471,TK-253673,5.713888888888889
TK-253211,TK-254033,23.725
TK-253471,TK-254033,17.24652777777778
TK-253673,TK-254033,11.519444444444444
TK-250724,TK-251541,16.455555555555556
TK-251541,TK-252502,14.389583333333333
TK-252954,TK-253771,22.9625
TK-244352,TK-245238,29.295833333333334
TK-246052,TK-246843,19.52638888888889
TK-242427,TK-242830,22.927083333333332
TK-242427,TK-242883,25.966666666666665
TK-242830,TK-242883,3.0006944444444446
TK-242830,TK-243026,12.334722222222222
TK-242883,TK-243026,9.309722222222222
TK-249894,TK-250322,8.694444444444445
TK-249894,TK-250709,19.163194444444443
TK-250322,TK-250709,10.079166666666667
TK-241922,TK-241934,0.5083333333333333
TK-241922,TK-242245,18.08125
TK-241934,TK-242245,16.536805555555556
TK-247682,TK-248127,11.549305555555556
TK-247682,TK-248453,20.8625
TK-248127,TK-248453,9.275694444444444
TK-248127,TK-248824,19.78611111111111
TK-248453,TK-248824,10.345833333333333
TK-244104,TK-244497,7.455555555555556
TK-251534,TK-251956,10.422916666666667
TK-243931,TK-244381,12.17986111111111
TK-244381,TK-245352,27.125694444444445
TK-245785,TK-246926,26.074305555555554
TK-251575,TK-252113,14.800694444444444
TK-245751,TK-246902,29.058333333333334
TK-249595,TK-249943,6.958333333333333
TK-250284,TK-250826,14.14375
TK-250284,TK-251129,23.15972222222222
TK-250826,TK-251129,9.004166666666666
TK-250826,TK-251654,24.688194444444445
TK-251129,TK-251654,12.66388888888889
TK-248451,TK-248550,1.3736111111111111
TK-241723,TK-242244,29.50486111111111
TK-240172,TK-240278,9.25
TK-249091,TK-249313,1.1666666666666667
TK-240213,TK-240364,10.436111111111112
TK-240213,TK-240447,17.925694444444446
TK-240364,TK-240447,7.470833333333333
TK-246269,TK-246656,9.19375
TK-246269,TK-247207,23.10972222222222
TK-246656,TK-247207,13.876388888888888
TK-242317,TK-242677,20.219444444444445
TK-242677,TK-243155,26.963194444444444
TK-243155,TK-243627,17.477083333333333
TK-246401,TK-247577,25.834027777777777
TK-250426,TK-250581,1.0673611111111112
TK-251307,TK-252286,28.28263888888889
TK-245354,TK-245475,3.6819444444444445
TK-248410,TK-248595,2.7958333333333334
TK-253768,TK-253949,5.129166666666666
TK-241885,TK-242200,18.146527777777777
TK-249925,TK-250861,27.154166666666665
TK-240049,TK-240190,10.352083333333333
TK-240786,TK-240924,8.55625
